日期,遊戲編號,隊伍,選手,01出賽,01勝場,CR出賽,CR勝場,合計出賽,合計勝場,先攻數
2026/1/28,G01,傑克紅心,念念,2,1,1,0,3,1,1
2026/1/28,G01,傑克紅心,老師,4,3,4,1,8,4,3
2026/1/28,G01,傑克紅心,小虎,4,2,3,1,7,3,2
2026/1/28,G01,傑克紅心,Kevin,3,2,3,2,6,4,1
2026/1/28,G01,傑克紅心,阿福,2,1,4,2,6,3,2
2026/1/28,G01,Tonight29大三元,貓咪,2,2,2,1,4,3,3
2026/1/28,G01,Tonight29大三元,嘉宸,2,0,3,3,5,3,2
2026/1/28,G01,Tonight29大三元,阿傑,3,2,4,3,7,5,4
2026/1/28,G01,Tonight29大三元,阿哲,2,0,2,1,4,1,3
2026/1/28,G01,Tonight29大三元,+0,1,0,1,0,2,0,2
2026/1/28,G01,Tonight29大三元,小杰,3,1,0,0,3,1,2
2026/1/28,G01,Tonight29大三元,小承,2,1,3,1,5,2,5
2026/1/28,G02,Tonight29十三么,Keira,2,1,2,2,4,3,2
2026/1/28,G02,Tonight29十三么,小齊,3,2,3,3,6,5,5
2026/1/28,G02,Tonight29十三么,杰少,2,1,1,1,3,2,1
2026/1/28,G02,Tonight29十三么,小飛,4,3,3,3,7,6,4
2026/1/28,G02,Tonight29十三么,猴猴,3,3,4,3,7,6,5
2026/1/28,G02,Tonight29十三么,朋朋,1,1,2,2,3,3,1
2026/1/28,G02,傑克黑桃,小琪,1,0,1,0,2,0,1
2026/1/28,G02,傑克黑桃,皓皓,3,1,0,0,3,1,2
2026/1/28,G02,傑克黑桃,阿發,3,2,0,0,3,2,2
2026/1/28,G02,傑克黑桃,Stan,2,1,3,0,5,1,2
2026/1/28,G02,傑克黑桃,小劉,2,0,1,0,3,0,1
2026/1/28,G02,傑克黑桃,阿B,2,0,1,0,3,0,1
2026/1/28,G02,傑克黑桃,小胖,1,0,3,0,4,0,1
2026/1/28,G02,傑克黑桃,大毛,0,0,4,0,4,0,1
2026/1/28,G02,傑克黑桃,阿翰,1,0,2,1,3,1,1
2026/1/28,G03,Tonight29大四喜,小雨,3,3,1,1,4,4,2
2026/1/28,G03,Tonight29大四喜,Eric,2,0,2,2,4,2,2
2026/1/28,G03,Tonight29大四喜,強哥,3,1,1,0,4,1,3
2026/1/28,G03,Tonight29大四喜,哲瑋,1,1,3,2,4,3,2
2026/1/28,G03,Tonight29大四喜,柏暐,3,1,4,3,7,4,4
2026/1/28,G03,Tonight29大四喜,小豪,3,2,4,1,7,3,5
2026/1/28,G03,逃生入口,Linda,2,1,1,0,3,1,2
2026/1/28,G03,逃生入口,乳來,2,1,2,2,4,3,1
2026/1/28,G03,逃生入口,Ace,1,1,1,0,2,1,1
2026/1/28,G03,逃生入口,華華,4,1,4,3,8,4,2
2026/1/28,G03,逃生入口,Jesse,1,1,1,0,2,1,1
2026/1/28,G03,逃生入口,小建,3,1,1,0,4,1,1
2026/1/28,G03,逃生入口,阿誠,0,0,4,1,4,1,3
2026/1/28,G03,逃生入口,小孟,2,1,1,0,3,1,1
2026/1/28,G04,軟飯硬吃,躲躲,2,2,1,1,3,3,3
2026/1/28,G04,軟飯硬吃,Allen,4,4,0,0,4,4,2
2026/1/28,G04,軟飯硬吃,阿翔,2,1,2,2,4,3,1
2026/1/28,G04,軟飯硬吃,阿嘎,3,2,0,0,3,2,1
2026/1/28,G04,軟飯硬吃,樂源小宇,2,2,2,0,4,2,0
2026/1/28,G04,軟飯硬吃,大頭,2,2,0,0,2,2,0
2026/1/28,G04,軟飯硬吃,小薩,0,0,3,2,3,2,0
2026/1/28,G04,軟飯硬吃,大瀚,0,0,4,3,4,3,2
2026/1/28,G04,軟飯硬吃,Louis,0,0,3,3,3,3,1
2026/1/28,G04,Vivi嘻嘻隊,小芬,3,0,0,0,3,0,1
2026/1/28,G04,Vivi嘻嘻隊,老丹,4,0,2,2,6,2,3
2026/1/28,G04,Vivi嘻嘻隊,蘇蘇,2,0,0,0,2,0,2
2026/1/28,G04,Vivi嘻嘻隊,阿倫,2,0,4,1,6,1,4
2026/1/28,G04,Vivi嘻嘻隊,阿淦,3,1,4,1,7,2,6
2026/1/28,G04,Vivi嘻嘻隊,kaman,0,0,3,0,3,0,1
2026/1/28,G04,Vivi嘻嘻隊,光頭,1,1,2,0,3,1,3
2026/1/28,G05,Vivi哈哈隊,范姜姐,3,1,0,0,3,1,1
2026/1/28,G05,Vivi哈哈隊,小耿,2,2,2,1,4,3,2
2026/1/28,G05,Vivi哈哈隊,kelvin刺,2,2,1,0,3,2,0
2026/1/28,G05,Vivi哈哈隊,david,3,1,3,2,6,3,4
2026/1/28,G05,Vivi哈哈隊,怪頭,1,1,2,1,3,2,1
2026/1/28,G05,Vivi哈哈隊,Lin,0,0,3,2,3,2,3
2026/1/28,G05,Vivi哈哈隊,浩子,1,1,1,0,2,1,1
2026/1/28,G05,Vivi哈哈隊,馬克,2,2,2,1,4,3,4
2026/1/28,G05,Vivi哈哈隊,石頭,1,1,1,1,2,2,2
2026/1/28,G05,酒空組,羊羊,1,1,0,0,1,1,1
2026/1/28,G05,酒空組,小倫,4,1,4,2,8,3,4
2026/1/28,G05,酒空組,小宓,2,0,0,0,2,0,1
2026/1/28,G05,酒空組,阿堯,4,1,4,2,8,3,3
2026/1/28,G05,酒空組,酒空小宇,2,0,2,1,4,1,1
2026/1/28,G05,酒空組,喵喵,0,0,1,0,1,0,0
2026/1/28,G05,酒空組,慶文,0,0,1,1,1,1,0
2026/1/28,G05,酒空組,范姜,1,0,3,1,4,1,1
2026/1/28,G05,酒空組,Sandy,1,1,0,0,1,1,1
2026/1/28,G06,人生揪亮,歪歪,1,1,2,1,3,2,2
2026/1/28,G06,人生揪亮,小宇,1,0,2,1,3,1,2
2026/1/28,G06,人生揪亮,宗燁,2,1,1,1,3,2,0
2026/1/28,G06,人生揪亮,阿肥,1,0,2,0,3,0,2
2026/1/28,G06,人生揪亮,小傅,1,0,2,0,3,0,1
2026/1/28,G06,人生揪亮,小偉,3,0,0,0,3,0,0
2026/1/28,G06,人生揪亮,阿朋,2,0,1,0,3,0,1
2026/1/28,G06,人生揪亮,亮亮,0,0,1,0,1,0,0
2026/1/28,G06,人生揪亮,阿琪,2,0,1,0,3,0,2
2026/1/28,G06,人生揪亮,小魚,1,0,2,2,3,2,2
2026/1/28,G06,人生揪亮,克林,1,0,1,0,2,0,1
2026/1/28,G06,人生揪難,宜竫,3,2,0,0,3,2,3
2026/1/28,G06,人生揪難,小蘇,2,2,2,2,4,4,2
2026/1/28,G06,人生揪難,joy,1,0,2,1,3,1,1
2026/1/28,G06,人生揪難,蘇仔,2,2,2,2,4,4,2
2026/1/28,G06,人生揪難,ben,1,1,1,0,2,1,2
2026/1/28,G06,人生揪難,小姜,1,1,2,1,3,2,1
2026/1/28,G06,人生揪難,羿珩,1,1,3,1,4,2,2
2026/1/28,G06,人生揪難,婠婠,1,1,1,1,2,2,1
2026/1/28,G06,人生揪難,紅閎,1,1,2,2,3,3,1
2026/1/28,G06,人生揪難,lucy,2,2,0,0,2,2,2
2/3,G07,Tonight29十三么,Keira,3,2,2,2,5,4,2
2/3,G07,Tonight29十三么,小齊,3,3,4,4,7,7,2
2/3,G07,Tonight29十三么,Amigo,1,1,0,0,1,1,1
2/3,G07,Tonight29十三么,小飛,4,3,3,3,7,6,3
2/3,G07,Tonight29十三么,猴猴,3,2,4,4,7,6,0
2/3,G07,Tonight29十三么,朋朋,1,0,2,1,3,1,1
2/3,G07,Tonight29大三元,+0,2,0,0,0,2,0,0
2/3,G07,Tonight29大三元,阿哲,2,1,3,0,5,1,5
2/3,G07,Tonight29大三元,Ivan,2,1,3,0,5,1,3
2/3,G07,Tonight29大三元,嘉宸,2,0,3,1,5,1,3
2/3,G07,Tonight29大三元,小杰,3,1,3,0,6,1,4
2/3,G07,Tonight29大三元,小承,2,0,1,0,3,0,3
2/3,G07,Tonight29大三元,貓咪,2,1,2,0,4,1,3
2/3,G08,傑克黑桃,小琪,1,0,1,0,2,0,1
2/3,G08,傑克黑桃,阿B,1,0,0,0,1,0,0
2/3,G08,傑克黑桃,阿發,4,2,0,0,4,2,3
2/3,G08,傑克黑桃,大毛,2,0,3,1,5,1,2
2/3,G08,傑克黑桃,小胖,2,1,3,0,5,1,1
2/3,G08,傑克黑桃,Stan,3,1,4,2,7,3,3
2/3,G08,傑克黑桃,阿翰,0,0,4,1,4,1,0
2/3,G08,傑克黑桃,小劉,2,1,0,0,2,1,2
2/3,G08,Tonight29大四喜,小路,2,1,2,1,4,2,1
2/3,G08,Tonight29大四喜,柏暐,4,3,2,1,6,4,2
2/3,G08,Tonight29大四喜,強哥,3,1,1,1,4,2,3
2/3,G08,Tonight29大四喜,牛奶,3,3,3,3,6,6,4
2/3,G08,Tonight29大四喜,小豪,2,1,3,2,5,3,4
2/3,G08,Tonight29大四喜,哲瑋,0,0,4,3,4,3,4
2/3,G08,Tonight29大四喜,小瑜,1,1,0,0,1,1,0
2/3,G09,人生揪難,婠婠,1,0,3,0,4,0,2
2/3,G09,人生揪難,小姜,3,0,1,1,4,1,2
2/3,G09,人生揪難,蘇仔,3,3,3,1,6,4,6
2/3,G09,人生揪難,小蘇,4,3,2,2,6,5,4
2/3,G09,人生揪難,ben,2,1,2,1,4,2,2
2/3,G09,人生揪難,羿珩,0,0,4,1,4,1,3
2/3,G09,人生揪難,宜竫,1,0,0,0,1,0,1
2/3,G09,人生揪難,lucy,1,0,0,0,1,0,1
2/3,G09,軟飯硬吃,躲躲,3,2,1,1,4,3,2
2/3,G09,軟飯硬吃,瓜瓜,1,1,1,0,2,1,1
2/3,G09,軟飯硬吃,阿翔,1,0,2,1,3,1,1
2/3,G09,軟飯硬吃,阿嘎,3,2,0,0,3,2,2
2/3,G09,軟飯硬吃,Tako,2,0,1,1,3,1,0
2/3,G09,軟飯硬吃,大頭,1,0,0,0,1,0,0
2/3,G09,軟飯硬吃,樂源小宇,3,2,1,1,4,3,1
2/3,G09,軟飯硬吃,阿倪,1,1,2,1,3,2,1
2/3,G09,軟飯硬吃,小薩,0,0,3,2,3,2,0
2/3,G09,軟飯硬吃,Louis,0,0,3,2,3,2,1
2/3,G09,軟飯硬吃,大瀚,0,0,1,0,1,0,0
2/3,G10,酒空組,羊羊,1,1,1,1,2,2,1
2/3,G10,酒空組,酒空小宇,1,0,1,0,2,0,1
2/3,G10,酒空組,慶文,1,0,0,0,1,0,1
2/3,G10,酒空組,小豬,1,1,0,0,1,1,1
2/3,G10,酒空組,瘦子,3,3,3,3,6,6,3
2/3,G10,酒空組,阿輔,2,2,1,1,3,3,1
2/3,G10,酒空組,小倫,3,3,1,0,4,3,2
2/3,G10,酒空組,喵喵,1,1,1,1,2,2,2
2/3,G10,酒空組,無名,0,0,3,1,3,1,1
2/3,G10,酒空組,阿堯,0,0,4,2,4,2,1
2/3,G10,酒空組,Sandy,2,2,0,0,2,2,1
2/3,G10,人生揪亮,宗燁,3,0,1,1,4,1,2
2/3,G10,人生揪亮,阿肥,2,1,3,1,5,2,3
2/3,G10,人生揪亮,小偉,2,1,2,0,4,1,2
2/3,G10,人生揪亮,小宇,2,0,3,2,5,2,3
2/3,G10,人生揪亮,小魚,3,0,2,1,5,1,3
2/3,G10,人生揪亮,亮亮,2,0,1,0,3,0,0
2/3,G10,人生揪亮,阿朋,0,0,2,0,2,0,2
2/3,G10,人生揪亮,小傅,1,0,1,1,2,1,0
2/3,G11,逃生入口,阿誠,4,1,0,0,4,1,0
2/3,G11,逃生入口,Ace,4,2,0,0,4,2,1
2/3,G11,逃生入口,華華,4,3,4,2,8,5,3
2/3,G11,逃生入口,乳來,2,0,2,1,4,1,2
2/3,G11,逃生入口,小孟,1,1,3,2,4,3,1
2/3,G11,逃生入口,小建,0,0,4,1,4,1,2
2/3,G11,逃生入口,Jesse,0,0,2,0,2,0,2
2/3,G11,Vivi嘻嘻隊,Vivi,1,1,0,0,1,1,1
2/3,G11,Vivi嘻嘻隊,光頭,1,0,2,1,3,1,1
2/3,G11,Vivi嘻嘻隊,阿國,3,2,1,1,4,3,3
2/3,G11,Vivi嘻嘻隊,老丹,4,2,3,2,7,4,5
2/3,G11,Vivi嘻嘻隊,阿淦,3,2,4,3,7,5,4
2/3,G11,Vivi嘻嘻隊,蘇蘇,1,0,0,0,1,0,1
2/3,G11,Vivi嘻嘻隊,kaman,0,0,4,2,4,2,2
2/3,G11,Vivi嘻嘻隊,阿倫,2,1,1,0,3,1,2
2/3,G12,Vivi哈哈隊,范姜姐,3,1,0,0,3,1,2
2/3,G12,Vivi哈哈隊,怪頭,2,1,2,2,4,3,1
2/3,G12,Vivi哈哈隊,威廉,3,1,1,1,4,2,4
2/3,G12,Vivi哈哈隊,小耿,3,0,4,3,7,3,2
2/3,G12,Vivi哈哈隊,浩子,2,1,2,1,4,2,2
2/3,G12,Vivi哈哈隊,Lin,0,0,3,2,3,2,1
2/3,G12,Vivi哈哈隊,david,2,1,3,2,5,3,3
2/3,G12,傑克紅心,Tina,1,1,1,0,2,1,2
2/3,G12,傑克紅心,老師,4,2,3,0,7,2,3
2/3,G12,傑克紅心,阿福,4,3,4,1,8,4,3
2/3,G12,傑克紅心,Kevin,4,3,2,1,6,4,4
2/3,G12,傑克紅心,念念,1,1,1,1,2,2,1
2/3,G12,傑克紅心,小虎,1,0,4,1,5,1,2
2/10,G13,Tonight29大三元,+0,3,1,1,0,4,1,3
2/10,G13,Tonight29大三元,阿哲,3,2,4,3,7,5,3
2/10,G13,Tonight29大三元,小杰,2,1,1,0,3,1,0
2/10,G13,Tonight29大三元,嘉宸,2,1,3,1,5,2,1
2/10,G13,Tonight29大三元,阿傑,2,1,4,2,6,3,1
2/10,G13,Tonight29大三元,貓咪,1,0,2,1,3,1,2
2/10,G13,Tonight29大三元,小承,2,0,0,0,2,0,0
2/10,G13,Tonight29大四喜,小路,2,2,1,1,3,3,1
2/10,G13,Tonight29大四喜,柏暐,3,1,2,1,5,2,3
2/10,G13,Tonight29大四喜,小雨,3,2,0,0,3,2,2
2/10,G13,Tonight29大四喜,牛奶,4,2,3,2,7,4,5
2/10,G13,Tonight29大四喜,29小黃鴨,2,1,0,0,2,1,2
2/10,G13,Tonight29大四喜,小豪,1,1,4,3,5,4,3
2/10,G13,Tonight29大四喜,哲瑋,0,0,3,1,3,1,2
2/10,G13,Tonight29大四喜,強哥,0,0,1,0,1,0,1
2/10,G13,Tonight29大四喜,小瑜,0,0,1,0,1,0,1
2/10,G14,Tonight29十三么,Keira,3,1,2,1,5,2,2
2/10,G14,Tonight29十三么,小齊,3,3,4,3,7,6,6
2/10,G14,Tonight29十三么,猴猴,4,3,4,2,8,5,5
2/10,G14,Tonight29十三么,小飛,4,2,3,2,7,4,3
2/10,G14,Tonight29十三么,朋朋,1,0,2,1,3,1,0
2/10,G14,Vivi哈哈隊,美美,1,1,0,0,1,1,1
2/10,G14,Vivi哈哈隊,怪頭,3,0,2,0,5,0,1
2/10,G14,Vivi哈哈隊,kelvin刺,2,0,2,1,4,1,1
2/10,G14,Vivi哈哈隊,馬克,3,2,4,2,7,4,5
2/10,G14,Vivi哈哈隊,小耿,3,1,4,2,7,3,3
2/10,G14,Vivi哈哈隊,Lin,0,0,2,0,2,0,0
2/10,G14,Vivi哈哈隊,范姜姐,2,1,0,0,2,1,2
2/10,G14,Vivi哈哈隊,石頭,1,1,1,1,2,2,1
2/10,G15,人生揪難,joy,2,0,0,0,2,0,0
2/10,G15,人生揪難,蘇仔,3,2,1,1,4,3,3
2/10,G15,人生揪難,ben,2,2,2,0,4,2,3
2/10,G15,人生揪難,小蘇,3,2,2,1,5,3,2
2/10,G15,人生揪難,宜竫,2,1,1,0,3,1,1
2/10,G15,人生揪難,lucy,2,1,1,0,3,1,2
2/10,G15,人生揪難,羿珩,0,0,4,2,4,2,2
2/10,G15,人生揪難,小姜,0,0,3,1,3,1,3
2/10,G15,人生揪難,婠婠,1,1,1,1,2,2,2
2/10,G15,酒空組,羊羊,1,1,1,1,2,2,2
2/10,G15,酒空組,酒空小宇,2,0,1,0,3,0,1
2/10,G15,酒空組,小宓,2,0,0,0,2,0,1
2/10,G15,酒空組,小豬,1,0,0,0,1,0,0
2/10,G15,酒空組,瘦子,3,2,4,2,7,4,4
2/10,G15,酒空組,阿堯,3,1,4,3,7,4,2
2/10,G15,酒空組,無名,1,1,2,1,3,2,1
2/10,G15,酒空組,慶文,0,0,1,1,1,1,0
2/10,G15,酒空組,Sandy,2,1,0,0,2,1,1
2/10,G15,酒空組,范姜,0,0,2,1,2,1,0
2/10,G16,軟飯硬吃,大頭,3,2,2,2,5,4,4
2/10,G16,軟飯硬吃,阿嘎,2,2,3,2,5,4,2
2/10,G16,軟飯硬吃,Allen,4,2,2,2,6,4,5
2/10,G16,軟飯硬吃,小薩,2,2,3,3,5,5,4
2/10,G16,軟飯硬吃,Louis,2,1,3,1,5,2,1
2/10,G16,軟飯硬吃,大瀚,2,1,2,2,4,3,2
2/10,G16,逃生入口,Linda,2,0,1,0,3,0,3
2/10,G16,逃生入口,華華,4,1,4,0,8,1,2
2/10,G16,逃生入口,小孟,4,2,0,0,4,2,1
2/10,G16,逃生入口,Ace,1,0,0,0,1,0,0
2/10,G16,逃生入口,乳來,3,1,2,0,5,1,0
2/10,G16,逃生入口,小建,0,0,3,2,3,2,3
2/10,G16,逃生入口,阿誠,1,1,3,1,4,2,2
2/10,G16,逃生入口,Jesse,0,0,2,0,2,0,1
2/10,G17,傑克紅心,小虎,2,1,2,1,4,2,2
2/10,G17,傑克紅心,阿福,3,2,3,1,6,3,2
2/10,G17,傑克紅心,Terry,3,2,2,0,5,2,2
2/10,G17,傑克紅心,Kevin,4,1,1,0,5,1,0
2/10,G17,傑克紅心,老師,2,1,4,1,6,2,2
2/10,G17,傑克紅心,念念,1,1,3,1,4,2,1
2/10,G17,人生揪亮,小偉,2,2,1,1,3,3,2
2/10,G17,人生揪亮,阿肥,1,0,2,2,3,2,1
2/10,G17,人生揪亮,阿朋,1,0,2,1,3,1,2
2/10,G17,人生揪亮,小宇,2,1,2,1,4,2,3
2/10,G17,人生揪亮,歪歪,1,1,1,1,2,2,2
2/10,G17,人生揪亮,柯柯,3,1,0,0,3,1,2
2/10,G17,人生揪亮,亮亮,0,0,1,1,1,1,1
2/10,G17,人生揪亮,阿琪,1,1,3,2,4,3,3
2/10,G17,人生揪亮,小魚,2,1,1,0,3,1,3
2/10,G17,人生揪亮,培熹,2,0,0,0,2,0,1
2/10,G17,人生揪亮,小傅,0,0,2,2,2,2,1
2026/2/10,G18,Vivi嘻嘻隊,小芬,4,3,1,0,5,3,1
2026/2/10,G18,Vivi嘻嘻隊,老丹,2,2,4,3,6,5,2
2026/2/10,G18,Vivi嘻嘻隊,阿淦,3,2,4,2,7,4,2
2026/2/10,G18,Vivi嘻嘻隊,阿倫,4,3,2,2,6,5,1
2026/2/10,G18,Vivi嘻嘻隊,光頭,2,2,4,3,6,5,3
2026/2/10,G18,傑克黑桃,小琪,1,1,1,0,2,1,1
2026/2/10,G18,傑克黑桃,皓皓,1,0,3,1,4,1,2
2026/2/10,G18,傑克黑桃,阿發,3,1,1,0,4,1,4
2026/2/10,G18,傑克黑桃,小劉,1,1,2,0,3,1,1
2026/2/10,G18,傑克黑桃,大毛,2,0,3,1,5,1,4
2026/2/10,G18,傑克黑桃,阿B,3,0,0,0,3,0,3
2026/2/10,G18,傑克黑桃,小胖,2,0,2,1,4,1,3
2026/2/10,G18,傑克黑桃,Stan,2,0,3,2,5,2,3
2026/2/24,G19,人生揪亮,小魚,2,1,1,1,3,2,0
2026/2/24,G19,人生揪亮,小宇,3,2,1,1,4,3,0
2026/2/24,G19,人生揪亮,宗燁,1,0,2,0,3,0,1
2026/2/24,G19,人生揪亮,阿肥,2,1,2,1,4,2,2
2026/2/24,G19,人生揪亮,培熹,2,0,0,0,2,0,0
2026/2/24,G19,人生揪亮,亮亮,1,0,2,0,3,0,2
2026/2/24,G19,人生揪亮,柯柯,2,1,1,0,3,1,1
2026/2/24,G19,人生揪亮,小野,0,0,3,0,3,0,3
2026/2/24,G19,人生揪亮,阿琪,1,1,2,1,3,2,1
2026/2/24,G19,人生揪亮,軒軒,1,1,1,0,2,1,1
2026/2/24,G19,Tonight29十三么,Keira,1,0,3,2,4,2,2
2026/2/24,G19,Tonight29十三么,小齊,4,2,2,2,6,4,5
2026/2/24,G19,Tonight29十三么,猴猴,4,3,4,3,8,6,5
2026/2/24,G19,Tonight29十三么,小飛,4,2,3,2,7,4,4
2026/2/24,G19,Tonight29十三么,朋朋,0,0,3,2,3,2,1
2026/2/24,G19,Tonight29十三么,秋瑩,2,1,0,0,2,1,2
2026/2/24,G20,Vivi嘻嘻隊,小芬,3,1,0,0,3,1,2
2026/2/24,G20,Vivi嘻嘻隊,光頭,3,1,1,0,4,1,2
2026/2/24,G20,Vivi嘻嘻隊,阿國,1,1,3,0,4,1,0
2026/2/24,G20,Vivi嘻嘻隊,老丹,2,1,4,2,6,3,3
2026/2/24,G20,Vivi嘻嘻隊,阿淦,3,2,2,2,5,4,2
2026/2/24,G20,Vivi嘻嘻隊,阿倫,2,2,2,1,4,3,2
2026/2/24,G20,Vivi嘻嘻隊,kaman,1,1,3,1,4,2,2
2026/2/24,G20,Tonight29大三元,+0,4,2,2,1,6,3,2
2026/2/24,G20,Tonight29大三元,阿傑,3,2,4,3,7,5,4
2026/2/24,G20,Tonight29大三元,小杰,2,1,2,1,4,2,3
2026/2/24,G20,Tonight29大三元,嘉宸,4,1,3,2,7,3,5
2026/2/24,G20,Tonight29大三元,阿哲,2,0,4,2,6,2,3
2026/2/24,G21,Tonight29大四喜,小雨,2,1,1,0,3,1,0
2026/2/24,G21,Tonight29大四喜,柏暐,4,1,4,0,8,1,3
2026/2/24,G21,Tonight29大四喜,29小黃鴨,4,2,1,0,5,2,2
2026/2/24,G21,Tonight29大四喜,Faker,3,3,4,1,7,4,1
2026/2/24,G21,Tonight29大四喜,哲瑋,0,0,4,0,4,0,1
2026/2/24,G21,Tonight29大四喜,小瑜,2,2,0,0,2,2,1
2026/2/24,G21,Tonight29大四喜,強哥,0,0,1,0,1,0,0
2026/2/24,G21,Vivi哈哈隊,Lin,2,0,0,0,2,0,2
2026/2/24,G21,Vivi哈哈隊,怪頭,3,2,0,0,3,2,2
2026/2/24,G21,Vivi哈哈隊,威廉,2,1,1,1,3,2,1
2026/2/24,G21,Vivi哈哈隊,david,2,1,3,3,5,4,3
2026/2/24,G21,Vivi哈哈隊,馬克,1,1,4,4,5,5,4
2026/2/24,G21,Vivi哈哈隊,小耿,3,1,3,2,6,3,5
2026/2/24,G21,Vivi哈哈隊,美美,0,0,2,2,2,2,2
2026/2/24,G21,Vivi哈哈隊,范姜姐,1,0,1,1,2,1,1
2026/2/24,G21,Vivi哈哈隊,石頭,1,0,1,1,2,1,2
2026/2/24,G22,軟飯硬吃,大瀚,3,2,2,2,5,4,3
2026/2/24,G22,軟飯硬吃,阿嘎,3,3,1,0,4,3,2
2026/2/24,G22,軟飯硬吃,樂源小宇,3,3,2,1,5,4,1
2026/2/24,G22,軟飯硬吃,Tako,2,2,2,2,4,4,1
2026/2/24,G22,軟飯硬吃,大頭,2,2,2,2,4,4,1
2026/2/24,G22,軟飯硬吃,Louis,2,1,2,1,4,2,2
2026/2/24,G22,軟飯硬吃,小薩,0,0,4,3,4,3,2
2026/2/24,G22,傑克黑桃,小琪,1,0,1,0,2,0,0
2026/2/24,G22,傑克黑桃,大毛,2,0,1,0,3,0,2
2026/2/24,G22,傑克黑桃,皓皓,3,0,0,0,3,0,2
2026/2/24,G22,傑克黑桃,阿翰,1,0,3,1,4,1,2
2026/2/24,G22,傑克黑桃,阿睿,3,1,2,1,5,2,4
2026/2/24,G22,傑克黑桃,小劉,1,0,2,0,3,0,1
2026/2/24,G22,傑克黑桃,Stan,2,1,2,1,4,2,2
2026/2/24,G22,傑克黑桃,小胖,2,0,1,0,3,0,2
2026/2/24,G22,傑克黑桃,萌萌,0,0,3,1,3,1,3
2/24,G23,逃生入口,Linda,2,1,1,1,3,2,3
2/24,G23,逃生入口,華華,4,2,4,1,8,3,4
2/24,G23,逃生入口,乳來,3,1,3,1,6,2,1
2/24,G23,逃生入口,承翰,3,2,1,0,4,2,2
2/24,G23,逃生入口,隼隼,2,1,2,2,4,3,3
2/24,G23,逃生入口,Ace,1,0,2,2,3,2,2
2/24,G23,逃生入口,小東,0,0,2,2,2,2,2
2/24,G23,人生揪難,宜竫,2,0,0,0,2,0,0
2/24,G23,人生揪難,蘇仔,2,1,4,2,6,3,4
2/24,G23,人生揪難,婠婠,2,1,1,0,3,1,1
2/24,G23,人生揪難,小蘇,2,0,4,3,6,3,2
2/24,G23,人生揪難,羿珩,3,2,0,0,3,2,1
2/24,G23,人生揪難,lucy,0,0,2,1,2,1,2
2/24,G23,人生揪難,小安,0,0,2,0,2,0,0
2/24,G23,人生揪難,紅閎,1,1,0,0,1,1,0
2/24,G23,人生揪難,joy,1,1,1,0,2,1,1
2/24,G23,人生揪難,ben,1,1,1,0,2,1,1
2/24,G23,人生揪難,小姜,1,1,0,0,1,1,1
2026/2/24,G24,傑克紅心,Mo,3,0,3,0,6,0,3
2026/2/24,G24,傑克紅心,老師,4,1,4,0,8,1,5
2026/2/24,G24,傑克紅心,阿福,4,1,4,1,8,2,6
2026/2/24,G24,傑克紅心,Kevin,4,0,4,2,8,2,4
2026/2/24,G24,酒空組,羊羊,2,2,1,1,3,3,2
2026/2/24,G24,酒空組,小倫,4,3,0,0,4,3,1
2026/2/24,G24,酒空組,阿仁,1,0,1,0,2,0,1
2026/2/24,G24,酒空組,小豬,4,4,0,0,4,4,3
2026/2/24,G24,酒空組,阿堯,1,1,2,2,3,3,1
2026/2/24,G24,酒空組,山豬,0,0,1,0,1,0,1
2026/2/24,G24,酒空組,阿輔,0,0,4,4,4,4,1
2026/2/24,G24,酒空組,瘦子,1,1,4,4,5,5,2
2026/2/24,G24,酒空組,小宓,2,2,0,0,2,2,0
2026/2/24,G24,酒空組,酒空小宇,0,0,2,1,2,1,0
3/3,G25,Vivi哈哈隊,Lin,1,1,1,0,2,1,1
3/3,G25,Vivi哈哈隊,怪頭,2,1,1,0,3,1,0
3/3,G25,Vivi哈哈隊,kelvin刺,2,1,1,0,3,1,0
3/3,G25,Vivi哈哈隊,小耿,3,3,2,1,5,4,2
3/3,G25,Vivi哈哈隊,范姜姐,1,1,2,1,3,2,3
3/3,G25,Vivi哈哈隊,浩子,0,0,2,0,2,0,1
3/3,G25,Vivi哈哈隊,馬克,1,1,3,3,4,4,2
3/3,G25,Vivi哈哈隊,超哥,1,1,1,0,2,1,1
3/3,G25,Vivi哈哈隊,david,2,2,1,1,3,3,0
3/3,G25,Vivi哈哈隊,美美,1,1,0,0,1,1,0
3/3,G25,Vivi哈哈隊,石頭,1,1,1,1,2,2,1
3/3,G25,Vivi嘻嘻隊,小芬,4,0,0,0,4,0,2
3/3,G25,Vivi嘻嘻隊,阿國,4,1,1,0,5,1,4
3/3,G25,Vivi嘻嘻隊,蘇蘇,1,1,1,1,2,2,1
3/3,G25,Vivi嘻嘻隊,阿倫,2,0,2,1,4,1,2
3/3,G25,Vivi嘻嘻隊,老丹,2,0,4,2,6,2,4
3/3,G25,Vivi嘻嘻隊,阿淦,1,0,4,2,5,2,3
3/3,G25,Vivi嘻嘻隊,光頭,1,0,3,2,4,2,3
3/3,G26,酒空組,羊羊,1,1,0,0,1,1,1
3/3,G26,酒空組,瘦子,4,2,4,2,8,4,1
3/3,G26,酒空組,小倫,3,1,0,0,3,1,1
3/3,G26,酒空組,小豬,4,2,2,1,6,3,1
3/3,G26,酒空組,喵喵,0,0,1,0,1,0,0
3/3,G26,酒空組,阿仁,0,0,1,0,1,0,1
3/3,G26,酒空組,阿輔,1,0,4,2,5,2,1
3/3,G26,酒空組,阿堯,0,0,3,2,3,2,0
3/3,G26,酒空組,Sandy,1,1,0,0,1,1,0
3/3,G26,酒空組,酒空小宇,1,1,0,0,1,1,0
3/3,G26,Tonight29十三么,Keira,1,0,3,2,4,2,3
3/3,G26,Tonight29十三么,小齊,4,2,4,2,8,4,7
3/3,G26,Tonight29十三么,猴猴,4,2,4,2,8,4,6
3/3,G26,Tonight29十三么,小飛,4,2,4,2,8,4,6
3/3,G26,Tonight29十三么,秋瑩,2,1,0,0,2,1,2
3/3,G27,Tonight29大三元,貓咪,2,2,3,0,5,2,4
3/3,G27,Tonight29大三元,+0,4,3,2,0,6,3,6
3/3,G27,Tonight29大三元,阿哲,2,1,4,1,6,2,4
3/3,G27,Tonight29大三元,嘉宸,4,2,4,2,8,4,5
3/3,G27,Tonight29大三元,Ivan,3,1,2,1,5,2,3
3/3,G27,軟飯硬吃,大瀚,2,1,3,3,5,4,1
3/3,G27,軟飯硬吃,阿嘎,3,0,3,2,6,2,0
3/3,G27,軟飯硬吃,Allen,4,3,1,1,5,4,3
3/3,G27,軟飯硬吃,小薩,2,0,3,2,5,2,2
3/3,G27,軟飯硬吃,大頭,3,2,1,0,4,2,1
3/3,G27,軟飯硬吃,Louis,1,0,4,3,5,3,1
3/3,G28,Tonight29大四喜,小雨,2,1,1,0,3,1,0
3/3,G28,Tonight29大四喜,Eric,1,0,2,1,3,1,1
3/3,G28,Tonight29大四喜,強哥,2,2,1,0,3,2,0
3/3,G28,Tonight29大四喜,Faker,4,3,3,0,7,3,4
3/3,G28,Tonight29大四喜,小豪,1,1,4,2,5,3,4
3/3,G28,Tonight29大四喜,29小黃鴨,2,2,1,0,3,2,1
3/3,G28,Tonight29大四喜,柏暐,3,3,3,0,6,3,4
3/3,G28,人生揪亮,小偉,3,1,1,1,4,2,2
3/3,G28,人生揪亮,小魚,1,1,3,3,4,4,2
3/3,G28,人生揪亮,阿朋,4,1,0,0,4,1,3
3/3,G28,人生揪亮,阿肥,3,0,3,1,6,1,3
3/3,G28,人生揪亮,歪歪,1,0,1,1,2,1,0
3/3,G28,人生揪亮,亮亮,0,0,1,1,1,1,1
3/3,G28,人生揪亮,宗燁,1,0,3,3,4,3,2
3/3,G28,人生揪亮,小野,2,0,2,1,4,1,3
3/3,G28,人生揪亮,克林,0,0,1,1,1,1,0
3/3,G29,傑克黑桃,阿B,2,1,0,0,2,1,1
3/3,G29,傑克黑桃,阿俊,2,1,3,2,5,3,4
3/3,G29,傑克黑桃,阿發,4,1,1,0,5,1,2
3/3,G29,傑克黑桃,Stan,3,2,4,2,7,4,4
3/3,G29,傑克黑桃,大毛,2,1,3,2,5,3,3
3/3,G29,傑克黑桃,小胖,2,1,4,2,6,3,4
3/3,G29,逃生入口,Linda,2,0,1,0,3,0,3
3/3,G29,逃生入口,華華,4,2,4,2,8,4,2
3/3,G29,逃生入口,承翰,2,2,2,0,4,2,2
3/3,G29,逃生入口,乳來,2,1,2,2,4,3,1
3/3,G29,逃生入口,Jesse,2,2,0,0,2,2,0
3/3,G29,逃生入口,Ace,1,0,2,1,3,1,1
3/3,G29,逃生入口,小建,0,0,2,2,2,2,1
3/3,G29,逃生入口,小孟,2,1,2,0,4,1,2
3/3,G30,人生揪難,宜竫,3,2,0,0,3,2,2
3/3,G30,人生揪難,ben,1,1,2,1,3,2,1
3/3,G30,人生揪難,紅閎,1,0,0,0,1,0,1
3/3,G30,人生揪難,小蘇,4,3,4,4,8,7,6
3/3,G30,人生揪難,羿珩,2,2,4,4,6,6,5
3/3,G30,人生揪難,小安,1,1,1,1,2,2,2
3/3,G30,人生揪難,婠婠,1,0,1,0,2,0,0
3/3,G30,人生揪難,小姜,0,0,1,1,1,1,1
3/3,G30,人生揪難,lucy,2,1,0,0,2,1,1
3/3,G30,人生揪難,joy,0,0,2,1,2,1,1
3/3,G30,傑克紅心,念念,2,1,0,0,2,1,1
3/3,G30,傑克紅心,Terry,2,1,1,1,3,2,3
3/3,G30,傑克紅心,阿元,1,1,2,1,3,2,1
3/3,G30,傑克紅心,阿翰,1,0,2,0,3,0,0
3/3,G30,傑克紅心,小劉,2,0,1,1,3,1,1
3/3,G30,傑克紅心,小虎,2,1,1,0,3,1,1
3/3,G30,傑克紅心,老師,2,0,2,0,4,0,1
3/3,G30,傑克紅心,Kevin,0,0,3,0,3,0,1
3/3,G30,傑克紅心,阿福,2,1,2,0,4,1,1
3/3,G30,傑克紅心,霖霖,1,0,1,0,2,0,0
3/10,G31,逃生入口,小孟,4,1,0,0,4,1,2
3/10,G31,逃生入口,Ace,2,1,2,2,4,3,4
3/10,G31,逃生入口,Jesse,2,0,1,0,3,0,1
3/10,G31,逃生入口,華華,4,0,4,3,8,3,4
3/10,G31,逃生入口,Linda,1,0,1,0,2,0,1
3/10,G31,逃生入口,小建,0,0,3,2,3,2,1
3/10,G31,逃生入口,乳來,2,0,4,2,6,2,3
3/10,G31,Tonight29大三元,萱萱,2,1,1,1,3,2,2
3/10,G31,Tonight29大三元,+0,4,3,3,1,7,4,2
3/10,G31,Tonight29大三元,阿哲,3,3,4,1,7,4,5
3/10,G31,Tonight29大三元,阿斌,4,4,4,2,8,6,4
3/10,G31,Tonight29大三元,貓咪,2,2,3,1,5,3,1
3/10,G32,酒空組,羊羊,1,1,2,2,3,3,1
3/10,G32,酒空組,小倫,4,2,0,0,4,2,2
3/10,G32,酒空組,阿仁,1,1,1,1,2,2,1
3/10,G32,酒空組,阿輔,3,0,3,2,6,2,4
3/10,G32,酒空組,阿堯,2,1,4,3,6,4,3
3/10,G32,酒空組,山豬,0,0,1,0,1,0,1
3/10,G32,酒空組,小豬,1,0,4,3,5,3,3
3/10,G32,酒空組,酒空小宇,2,1,0,0,2,1,2
3/10,G32,酒空組,小宓,1,1,0,0,1,1,1
3/10,G32,Tonight29大四喜,小瑜,1,0,1,0,2,0,1
3/10,G32,Tonight29大四喜,哲瑋,2,0,1,0,3,0,1
3/10,G32,Tonight29大四喜,Eric,2,1,1,0,3,1,2
3/10,G32,Tonight29大四喜,Faker,3,3,4,1,7,4,2
3/10,G32,Tonight29大四喜,柏暐,3,2,3,2,6,4,2
3/10,G32,Tonight29大四喜,小楓,2,1,4,1,6,2,3
3/10,G32,Tonight29大四喜,小雨,2,1,0,0,2,1,0
3/10,G32,Tonight29大四喜,小豪,0,0,1,0,1,0,1
3/10,G33,Tonight29十三么,Keira,1,0,3,2,4,2,3
3/10,G33,Tonight29十三么,小齊,4,4,4,4,8,8,6
3/10,G33,Tonight29十三么,猴猴,4,4,4,4,8,8,6
3/10,G33,Tonight29十三么,小飛,4,2,4,4,8,6,5
3/10,G33,Tonight29十三么,秋瑩,2,1,0,0,2,1,1
3/10,G33,傑克紅心,霖霖,3,1,0,0,3,1,0
3/10,G33,傑克紅心,阿福,4,1,0,0,4,1,2
3/10,G33,傑克紅心,Terry,4,0,0,0,4,0,0
3/10,G33,傑克紅心,老師,3,1,1,0,4,1,1
3/10,G33,傑克紅心,小劉,0,0,4,1,4,1,1
3/10,G33,傑克紅心,Kevin,1,1,3,0,4,1,2
3/10,G33,傑克紅心,小虎,0,0,3,0,3,0,2
3/10,G33,傑克紅心,阿翰,0,0,4,0,4,0,1
3/10,G34,Vivi哈哈隊,范姜姐,1,0,1,0,2,0,2
3/10,G34,Vivi哈哈隊,david,3,0,3,2,6,2,1
3/10,G34,Vivi哈哈隊,小耿,4,0,2,1,6,1,3
3/10,G34,Vivi哈哈隊,馬克,2,0,3,3,5,3,3
3/10,G34,Vivi哈哈隊,怪頭,1,0,1,1,2,1,2
3/10,G34,Vivi哈哈隊,威廉,1,1,1,1,2,2,2
3/10,G34,Vivi哈哈隊,超哥,2,1,2,0,4,1,2
3/10,G34,Vivi哈哈隊,浩子,0,0,1,0,1,0,1
3/10,G34,Vivi哈哈隊,石頭,1,0,1,0,2,0,0
3/10,G34,軟飯硬吃,藍鳥,1,1,1,0,2,1,0
3/10,G34,軟飯硬吃,Allen,3,3,1,1,4,4,3
3/10,G34,軟飯硬吃,樂源小宇,3,3,1,1,4,4,2
3/10,G34,軟飯硬吃,阿嘎,2,2,1,1,3,3,1
3/10,G34,軟飯硬吃,大頭,1,1,1,0,2,1,1
3/10,G34,軟飯硬吃,Louis,2,1,1,1,3,2,1
3/10,G34,軟飯硬吃,小薩,1,1,3,1,4,2,3
3/10,G34,軟飯硬吃,Tako,0,0,4,2,4,2,1
3/10,G34,軟飯硬吃,大瀚,2,1,2,0,4,1,2
3/10,G35,人生揪亮,亮亮,1,0,1,0,2,0,1
3/10,G35,人生揪亮,阿琪,2,1,3,2,5,3,4
3/10,G35,人生揪亮,宗燁,2,1,2,2,4,3,1
3/10,G35,人生揪亮,柯柯,4,1,1,0,5,1,2
3/10,G35,人生揪亮,阿肥,2,0,3,1,5,1,1
3/10,G35,人生揪亮,小魚,2,1,3,2,5,3,2
3/10,G35,人生揪亮,阿文,1,0,1,1,2,1,1
3/10,G35,人生揪亮,克林,1,0,1,1,2,1,1
3/10,G35,Vivi嘻嘻隊,小芬,3,3,1,0,4,3,3
3/10,G35,Vivi嘻嘻隊,阿淦,3,3,4,2,7,5,5
3/10,G35,Vivi嘻嘻隊,Eddie,2,1,0,0,2,1,0
3/10,G35,Vivi嘻嘻隊,光頭,2,0,2,1,4,1,1
3/10,G35,Vivi嘻嘻隊,kaman,3,2,3,2,6,4,3
3/10,G35,Vivi嘻嘻隊,蘇蘇,0,0,1,0,1,0,1
3/10,G35,Vivi嘻嘻隊,阿倫,2,2,4,1,6,3,4
3/10,G36,傑克黑桃,小琪,1,0,1,0,2,0,0
3/10,G36,傑克黑桃,阿俊,1,1,0,0,1,1,1
3/10,G36,傑克黑桃,阿發,1,1,0,0,1,1,0
3/10,G36,傑克黑桃,宇辰,2,1,0,0,2,1,1
3/10,G36,傑克黑桃,小胖,2,1,3,3,5,4,2
3/10,G36,傑克黑桃,皓皓,2,1,1,1,3,2,1
3/10,G36,傑克黑桃,阿B,1,0,0,0,1,0,1
3/10,G36,傑克黑桃,大毛,2,1,4,1,6,2,3
3/10,G36,傑克黑桃,Stan,2,1,4,2,6,3,2
3/10,G36,傑克黑桃,萌萌,1,1,2,0,3,1,1
3/10,G36,人生揪難,joy,2,2,1,0,3,2,2
3/10,G36,人生揪難,ben,2,0,1,0,3,0,2
3/10,G36,人生揪難,宜竫,2,0,0,0,2,0,2
3/10,G36,人生揪難,小蘇,3,2,2,2,5,4,2
3/10,G36,人生揪難,婠婠,1,1,1,1,2,2,1
3/10,G36,人生揪難,蘇仔,1,1,4,3,5,4,2
3/10,G36,人生揪難,lucy,1,0,1,1,2,1,2
3/10,G36,人生揪難,小安,0,0,2,1,2,1,1
3/10,G36,人生揪難,羿珩,1,1,2,0,3,1,1
3/10,G36,人生揪難,紅閎,2,0,0,0,2,0,2
3/10,G36,人生揪難,小姜,0,0,1,0,1,0,1
3/17,G37,傑克紅心,念念,3,0,1,0,4,0,2
3/17,G37,傑克紅心,Mo,3,0,1,1,4,1,1
3/17,G37,傑克紅心,小虎,3,0,1,1,4,1,1
3/17,G37,傑克紅心,Kevin,2,0,2,1,4,1,3
3/17,G37,傑克紅心,小劉,1,0,4,2,5,2,2
3/17,G37,傑克紅心,阿福,2,0,3,3,5,3,0
3/17,G37,傑克紅心,老師,1,0,3,2,4,2,1
3/17,G37,Tonight29大四喜,小雨,1,1,2,1,3,2,0
3/17,G37,Tonight29大四喜,29小黃鴨,3,3,1,0,4,3,4
3/17,G37,Tonight29大四喜,強哥,2,2,1,1,3,3,2
3/17,G37,Tonight29大四喜,Faker,3,3,3,1,6,4,4
3/17,G37,Tonight29大四喜,柏暐,2,2,3,1,5,3,3
3/17,G37,Tonight29大四喜,小楓,2,2,3,1,5,3,4
3/17,G37,Tonight29大四喜,小瑜,1,1,0,0,1,1,1
3/17,G37,Tonight29大四喜,哲瑋,1,1,2,0,3,1,2
3/17,G38,Tonight29十三么,Keira,3,0,1,0,4,0,1
3/17,G38,Tonight29十三么,小齊,4,3,2,0,6,3,2
3/17,G38,Tonight29十三么,杰少,1,0,1,0,2,0,1
3/17,G38,Tonight29十三么,小飛,4,1,2,1,6,2,1
3/17,G38,Tonight29十三么,猴猴,3,2,4,1,7,3,2
3/17,G38,Tonight29十三么,朋朋,0,0,3,0,3,0,1
3/17,G38,Tonight29十三么,秋瑩,0,0,2,1,2,1,1
3/17,G38,人生揪難,joy,1,1,2,1,3,2,1
3/17,G38,人生揪難,婠婠,1,0,0,0,1,0,1
3/17,G38,人生揪難,ben,2,2,0,0,2,2,1
3/17,G38,人生揪難,小蘇,3,2,4,4,7,6,5
3/17,G38,人生揪難,羿珩,2,1,2,2,4,3,2
3/17,G38,人生揪難,蘇仔,2,1,4,4,6,5,4
3/17,G38,人生揪難,小安,0,0,2,1,2,1,2
3/17,G38,人生揪難,lucy,1,1,1,0,2,1,2
3/17,G38,人生揪難,宜竫,1,1,0,0,1,1,1
3/17,G38,人生揪難,小姜,1,0,0,0,1,0,1
3/17,G38,人生揪難,紅閎,1,0,0,0,1,0,1
3/17,G39,Tonight29大三元,貓咪,3,1,3,0,6,1,4
3/17,G39,Tonight29大三元,小承,2,0,1,0,3,0,1
3/17,G39,Tonight29大三元,Ivan,3,2,4,2,7,4,4
3/17,G39,Tonight29大三元,+0,4,2,3,0,7,2,5
3/17,G39,Tonight29大三元,嘉宸,3,1,4,2,7,3,4
3/17,G39,傑克黑桃,阿B,1,0,0,0,1,0,0
3/17,G39,傑克黑桃,阿俊,3,3,4,4,7,7,3
3/17,G39,傑克黑桃,阿發,3,1,0,0,3,1,1
3/17,G39,傑克黑桃,Stan,3,2,4,2,7,4,3
3/17,G39,傑克黑桃,大毛,2,1,4,2,6,3,3
3/17,G39,傑克黑桃,皓皓,3,2,3,3,6,5,2
3/17,G40,Vivi哈哈隊,范姜姐,3,1,0,0,3,1,2
3/17,G40,Vivi哈哈隊,怪頭,2,2,0,0,2,2,2
3/17,G40,Vivi哈哈隊,威廉,2,2,1,1,3,3,3
3/17,G40,Vivi哈哈隊,小耿,2,1,3,3,5,4,3
3/17,G40,Vivi哈哈隊,Lin,0,0,3,1,3,1,1
3/17,G40,Vivi哈哈隊,馬克,1,1,4,2,5,3,3
3/17,G40,Vivi哈哈隊,david,1,0,1,1,2,1,1
3/17,G40,Vivi哈哈隊,超哥,1,1,2,0,3,1,2
3/17,G40,Vivi哈哈隊,浩子,2,1,0,0,2,1,1
3/17,G40,Vivi哈哈隊,石頭,1,0,1,0,2,0,0
3/17,G40,逃生入口,小孟,4,2,0,0,4,2,1
3/17,G40,逃生入口,承翰,2,0,2,2,4,2,1
3/17,G40,逃生入口,華華,4,1,4,2,8,3,3
3/17,G40,逃生入口,乳來,2,2,4,1,6,3,4
3/17,G40,逃生入口,Linda,1,0,1,0,2,0,1
3/17,G40,逃生入口,Ace,0,0,3,1,3,1,0
3/17,G40,逃生入口,阿誠,2,1,1,1,3,2,2
3/17,G41,酒空組,喵喵,1,1,0,0,1,1,1
3/17,G41,酒空組,阿輔,4,1,0,0,4,1,2
3/17,G41,酒空組,阿仁,1,1,0,0,1,1,1
3/17,G41,酒空組,小豬,3,1,3,2,6,3,1
3/17,G41,酒空組,瘦子,3,2,4,2,7,4,2
3/17,G41,酒空組,羊羊,0,0,1,0,1,0,1
3/17,G41,酒空組,小倫,0,0,3,2,3,2,0
3/17,G41,酒空組,阿堯,0,0,2,1,2,1,2
3/17,G41,酒空組,Sandy,1,1,0,0,1,1,0
3/17,G41,酒空組,小宓,1,0,0,0,1,0,1
3/17,G41,酒空組,酒空小宇,0,0,1,0,1,0,1
3/17,G41,酒空組,慶文,1,0,0,0,1,0,0
3/17,G41,酒空組,山豬,0,0,1,1,1,1,0
3/17,G41,Vivi嘻嘻隊,小芬,2,0,1,1,3,1,1
3/17,G41,Vivi嘻嘻隊,阿倫,3,2,3,1,6,3,4
3/17,G41,Vivi嘻嘻隊,光頭,3,2,1,0,4,2,2
3/17,G41,Vivi嘻嘻隊,老丹,3,2,3,2,6,4,4
3/17,G41,Vivi嘻嘻隊,阿淦,2,1,4,1,6,2,3
3/17,G41,Vivi嘻嘻隊,Eddie,2,1,0,0,2,1,2
3/17,G41,Vivi嘻嘻隊,蘇蘇,0,0,3,2,3,2,2
3/17,G42,人生揪亮,亮亮,1,0,2,1,3,1,2
3/17,G42,人生揪亮,柯柯,2,2,2,2,4,4,1
3/17,G42,人生揪亮,歪歪,2,1,1,1,3,2,1
3/17,G42,人生揪亮,阿肥,1,1,3,3,4,4,1
3/17,G42,人生揪亮,小魚,2,1,2,1,4,2,1
3/17,G42,人生揪亮,宗燁,2,1,2,1,4,2,1
3/17,G42,人生揪亮,小野,2,1,2,2,4,3,3
3/17,G42,人生揪亮,泡泡,2,1,0,0,2,1,2
3/17,G42,人生揪亮,阿文,1,1,1,1,2,2,1
3/17,G42,軟飯硬吃,瓜瓜,2,2,1,1,3,3,0
3/17,G42,軟飯硬吃,藍鳥,2,0,2,1,4,1,3
3/17,G42,軟飯硬吃,樂源小宇,3,2,1,0,4,2,3
3/17,G42,軟飯硬吃,阿嘎,1,0,3,0,4,0,2
3/17,G42,軟飯硬吃,大瀚,2,0,2,0,4,0,2
3/17,G42,軟飯硬吃,大頭,3,1,1,0,4,1,3
3/17,G42,軟飯硬吃,Tako,0,0,4,1,4,1,3
3/17,G42,軟飯硬吃,阿倪,2,1,1,0,3,1,1
3/24,G43,Tonight29大四喜,Eric,2,1,2,1,4,2,1
3/24,G43,Tonight29大四喜,29小黃鴨,4,3,0,0,4,3,3
3/24,G43,Tonight29大四喜,小楓,2,1,3,0,5,1,5
3/24,G43,Tonight29大四喜,Faker,2,2,4,0,6,2,2
3/24,G43,Tonight29大四喜,柏暐,3,3,3,0,6,3,5
3/24,G43,Tonight29大四喜,小瑜,1,1,0,0,1,1,1
3/24,G43,Tonight29大四喜,小豪,1,1,2,0,3,1,1
3/24,G43,Tonight29大四喜,強哥,0,0,1,0,1,0,0
3/24,G43,Tonight29十三么,Keira,1,1,3,2,4,3,4
3/24,G43,Tonight29十三么,小齊,4,1,4,4,8,5,2
3/24,G43,Tonight29十三么,猴猴,4,1,4,4,8,5,2
3/24,G43,Tonight29十三么,小飛,4,0,4,4,8,4,4
3/24,G43,Tonight29十三么,秋瑩,2,0,0,0,2,0,0
3/24,G44,人生揪難,lucy,2,0,0,0,2,0,1
3/24,G44,人生揪難,羿珩,2,1,3,2,5,3,4
3/24,G44,人生揪難,ben,2,0,0,0,2,0,1
3/24,G44,人生揪難,小蘇,3,2,3,3,6,5,3
3/24,G44,人生揪難,紅閎,2,0,0,0,2,0,2
3/24,G44,人生揪難,蘇仔,2,1,4,3,6,4,2
3/24,G44,人生揪難,小安,0,0,2,0,2,0,2
3/24,G44,人生揪難,宜竫,1,0,1,1,2,1,1
3/24,G44,人生揪難,joy,0,0,2,2,2,2,0
3/24,G44,人生揪難,小姜,1,1,0,0,1,1,1
3/24,G44,Tonight29大三元,+0,3,3,2,0,5,3,3
3/24,G44,Tonight29大三元,阿斌,3,2,2,0,5,2,2
3/24,G44,Tonight29大三元,嘉宸,3,3,1,0,4,3,2
3/24,G44,Tonight29大三元,阿傑,1,0,4,2,5,2,3
3/24,G44,Tonight29大三元,小承,1,1,1,1,2,2,0
3/24,G44,Tonight29大三元,萱萱,1,0,1,1,2,1,0
3/24,G44,Tonight29大三元,貓咪,2,1,1,0,3,1,1
3/24,G44,Tonight29大三元,學長,1,0,3,0,4,0,2
3/24,G45,傑克黑桃,Tina,1,1,0,0,1,1,1
3/24,G45,傑克黑桃,宇辰,3,1,1,1,4,2,1
3/24,G45,傑克黑桃,阿發,2,1,0,0,2,1,1
3/24,G45,傑克黑桃,小胖,3,2,2,0,5,2,2
3/24,G45,傑克黑桃,阿B,1,0,0,0,1,0,1
3/24,G45,傑克黑桃,小琪,0,0,1,1,1,1,0
3/24,G45,傑克黑桃,皓皓,2,1,3,1,5,2,0
3/24,G45,傑克黑桃,Stan,2,1,4,1,6,2,1
3/24,G45,傑克黑桃,大毛,1,0,4,2,5,2,1
3/24,G45,Vivi哈哈隊,Lin,1,0,1,1,2,1,1
3/24,G45,Vivi哈哈隊,怪頭,2,2,2,1,4,3,3
3/24,G45,Vivi哈哈隊,kelvin刺,2,1,1,0,3,1,2
3/24,G45,Vivi哈哈隊,david,2,1,4,3,6,4,4
3/24,G45,Vivi哈哈隊,美美,1,1,1,0,2,1,1
3/24,G45,Vivi哈哈隊,小耿,3,2,3,2,6,4,4
3/24,G45,Vivi哈哈隊,范姜姐,1,1,1,0,2,1,2
3/24,G45,Vivi哈哈隊,浩子,1,0,0,0,1,0,1
3/24,G45,Vivi哈哈隊,超哥,1,0,1,1,2,1,2
3/24,G45,Vivi哈哈隊,石頭,1,0,1,1,2,1,2
3/24,G46,Vivi嘻嘻隊,蘇蘇,1,1,3,2,4,3,3
3/24,G46,Vivi嘻嘻隊,光頭,2,1,2,2,4,3,3
3/24,G46,Vivi嘻嘻隊,阿淦,4,3,3,3,7,6,1
3/24,G46,Vivi嘻嘻隊,老丹,2,1,4,4,6,5,3
3/24,G46,Vivi嘻嘻隊,阿倫,3,3,3,3,6,6,2
3/24,G46,Vivi嘻嘻隊,小芬,3,3,0,0,3,3,1
3/24,G46,傑克紅心,念念,1,0,1,1,2,1,1
3/24,G46,傑克紅心,Terry,3,1,0,0,3,1,1
3/24,G46,傑克紅心,Mo,3,1,0,0,3,1,3
3/24,G46,傑克紅心,Kevin,3,1,0,0,3,1,1
3/24,G46,傑克紅心,小虎,1,0,2,0,3,0,2
3/24,G46,傑克紅心,小劉,1,0,2,0,3,0,2
3/24,G46,傑克紅心,老師,1,0,2,0,3,0,1
3/24,G46,傑克紅心,祐祐,0,0,3,0,3,0,2
3/24,G46,傑克紅心,阿翰,0,0,3,0,3,0,2
3/24,G46,傑克紅心,阿福,2,0,2,0,4,0,2
3/24,G47,逃生入口,隼隼,2,1,0,0,2,1,1
3/24,G47,逃生入口,Ace,2,0,2,1,4,1,0
3/24,G47,逃生入口,華華,4,4,4,2,8,6,3
3/24,G47,逃生入口,小孟,3,2,3,1,6,3,1
3/24,G47,逃生入口,乳來,2,2,3,2,5,4,1
3/24,G47,逃生入口,承翰,1,1,2,1,3,2,0
3/24,G47,逃生入口,小建,1,1,1,1,2,2,0
3/24,G47,人生揪亮,宗燁,1,0,2,0,3,0,1
3/24,G47,人生揪亮,小傅,2,2,2,1,4,3,4
3/24,G47,人生揪亮,阿朋,1,0,2,0,3,0,1
3/24,G47,人生揪亮,小魚,2,1,2,1,4,2,3
3/24,G47,人生揪亮,阿肥,2,0,1,1,3,1,3
3/24,G47,人生揪亮,冠宇,3,1,0,0,3,1,3
3/24,G47,人生揪亮,歪歪,1,0,1,1,2,1,2
3/24,G47,人生揪亮,亮亮,0,0,2,1,2,1,2
3/24,G47,人生揪亮,克林,1,0,2,2,3,2,3
3/24,G47,人生揪亮,柯柯,2,0,1,0,3,0,2
3/24,G48,軟飯硬吃,大瀚,2,1,3,1,5,2,2
3/24,G48,軟飯硬吃,藍鳥,2,2,2,0,4,2,2
3/24,G48,軟飯硬吃,樂源小宇,4,2,2,1,6,3,5
3/24,G48,軟飯硬吃,小薩,2,0,3,0,5,0,2
3/24,G48,軟飯硬吃,大頭,3,1,2,0,5,1,2
3/24,G48,軟飯硬吃,Louis,2,1,3,0,5,1,3
3/24,G48,酒空組,喵喵,1,0,0,0,1,0,1
3/24,G48,酒空組,小豬,4,2,1,1,5,3,1
3/24,G48,酒空組,阿仁,1,0,0,0,1,0,0
3/24,G48,酒空組,瘦子,3,3,4,4,7,7,4
3/24,G48,酒空組,小倫,1,1,2,2,3,3,1
3/24,G48,酒空組,阿堯,0,0,3,2,3,2,2
3/24,G48,酒空組,山豬,0,0,1,0,1,0,0
3/24,G48,酒空組,阿輔,2,1,2,2,4,3,2
3/24,G48,酒空組,酒空小宇,0,0,2,2,2,2,2
3/24,G48,酒空組,Sandy,1,0,0,0,1,0,0
3/24,G48,酒空組,小宓,1,0,0,0,1,0,1
3/24,G48,酒空組,慶文,1,1,0,0,1,1,0
3/31,G49,Vivi嘻嘻隊,蘇蘇,1,0,1,0,2,0,0
3/31,G49,Vivi嘻嘻隊,老丹,4,2,3,1,7,3,3
3/31,G49,Vivi嘻嘻隊,阿國,2,1,1,0,3,1,0
3/31,G49,Vivi嘻嘻隊,阿倫,2,1,3,1,5,2,3
3/31,G49,Vivi嘻嘻隊,阿淦,2,1,4,2,6,3,4
3/31,G49,Vivi嘻嘻隊,Eddie,0,0,1,0,1,0,1
3/31,G49,Vivi嘻嘻隊,土豆,2,1,1,1,3,2,3
3/31,G49,Vivi嘻嘻隊,光頭,1,0,1,1,2,1,2
3/31,G49,Vivi嘻嘻隊,小芬,1,1,0,0,1,1,1
3/31,G49,Tonight29十三么,Keira,1,1,3,2,4,3,3
3/31,G49,Tonight29十三么,小齊,4,3,4,2,8,5,3
3/31,G49,Tonight29十三么,猴猴,4,1,4,2,8,3,4
3/31,G49,Tonight29十三么,小飛,4,2,4,3,8,5,3
3/31,G49,Tonight29十三么,秋瑩,2,1,0,0,2,1,0
3/31,G50,Tonight29大三元,貓咪,3,1,1,0,4,1,3
3/31,G50,Tonight29大三元,阿傑,2,0,2,2,4,2,2
3/31,G50,Tonight29大三元,嘉宸,2,2,2,1,4,3,3
3/31,G50,Tonight29大三元,+0,2,2,2,1,4,3,3
3/31,G50,Tonight29大三元,Ivan,2,1,1,0,3,1,3
3/31,G50,Tonight29大三元,小杰,1,0,2,1,3,1,2
3/31,G50,Tonight29大三元,阿斌,1,0,3,1,4,1,2
3/31,G50,Tonight29大三元,阿哲,1,0,1,0,2,0,1
3/31,G50,Tonight29大三元,小承,0,0,1,0,1,0,0
3/31,G50,Tonight29大三元,萱萱,1,0,0,0,1,0,1
3/31,G50,Vivi哈哈隊,范姜姐,1,1,0,0,1,1,0
3/31,G50,Vivi哈哈隊,馬克,3,2,3,2,6,4,3
3/31,G50,Vivi哈哈隊,威廉,1,0,2,1,3,1,2
3/31,G50,Vivi哈哈隊,小耿,4,2,4,2,8,4,3
3/31,G50,Vivi哈哈隊,美美,2,1,0,0,2,1,0
3/31,G50,Vivi哈哈隊,怪頭,1,1,1,1,2,2,1
3/31,G50,Vivi哈哈隊,Lin,0,0,1,0,1,0,0
3/31,G50,Vivi哈哈隊,kelvin刺,0,0,1,0,1,0,0
3/31,G50,Vivi哈哈隊,超哥,1,0,1,1,2,1,1
3/31,G50,Vivi哈哈隊,david,1,1,1,1,2,2,0
3/31,G50,Vivi哈哈隊,浩子,1,1,1,1,2,2,0
3/31,G51,Tonight29大四喜,強哥,2,2,1,1,3,3,0
3/31,G51,Tonight29大四喜,小馬,2,1,4,0,6,1,5
3/31,G51,Tonight29大四喜,小雨,2,1,1,0,3,1,2
3/31,G51,Tonight29大四喜,Faker,2,1,3,1,5,2,3
3/31,G51,Tonight29大四喜,29小黃鴨,3,1,0,0,3,1,1
3/31,G51,Tonight29大四喜,柏暐,3,1,2,0,5,1,2
3/31,G51,Tonight29大四喜,小豪,1,1,4,0,5,1,4
3/31,G51,人生揪難,lucy,2,0,0,0,2,0,1
3/31,G51,人生揪難,ben,2,1,1,1,3,2,2
3/31,G51,人生揪難,joy,1,1,2,2,3,3,1
3/31,G51,人生揪難,小蘇,3,1,3,3,6,4,2
3/31,G51,人生揪難,蘇仔,2,1,4,4,6,5,2
3/31,G51,人生揪難,羿珩,1,1,2,2,3,3,1
3/31,G51,人生揪難,宜竫,2,0,1,0,3,0,2
3/31,G51,人生揪難,小安,0,0,2,1,2,1,0
3/31,G51,人生揪難,小姜,1,1,0,0,1,1,1
3/31,G51,人生揪難,紅閎,1,1,0,0,1,1,1
3/31,G52,人生揪亮,亮亮,2,1,2,1,4,2,2
3/31,G52,人生揪亮,小魚,2,2,3,1,5,3,1
3/31,G52,人生揪亮,小偉,3,3,2,0,5,3,2
3/31,G52,人生揪亮,阿肥,3,3,3,1,6,4,3
3/31,G52,人生揪亮,宗燁,2,2,3,2,5,4,4
3/31,G52,人生揪亮,柯柯,3,3,2,1,5,4,4
3/31,G52,傑克黑桃,文姊,1,1,0,0,1,1,0
3/31,G52,傑克黑桃,阿俊,3,0,1,1,4,1,1
3/31,G52,傑克黑桃,大毛,1,0,2,0,3,0,1
3/31,G52,傑克黑桃,宇辰,3,0,0,0,3,0,2
3/31,G52,傑克黑桃,小胖,3,0,3,2,6,2,4
3/31,G52,傑克黑桃,阿發,1,0,1,1,2,1,1
3/31,G52,傑克黑桃,阿睿,1,0,4,2,5,2,2
3/31,G52,傑克黑桃,Stan,2,0,4,3,6,3,3
3/31,G53,傑克紅心,小虎,2,0,2,0,4,0,2
3/31,G53,傑克紅心,Kevin,3,1,2,1,5,2,3
3/31,G53,傑克紅心,阿福,3,0,3,2,6,2,4
3/31,G53,傑克紅心,Terry,3,2,2,1,5,3,4
3/31,G53,傑克紅心,阿翰,2,0,3,1,5,1,4
3/31,G53,傑克紅心,老師,2,0,3,1,5,1,4
3/31,G53,軟飯硬吃,大瀚,2,1,1,1,3,2,2
3/31,G53,軟飯硬吃,大頭,3,3,1,0,4,3,1
3/31,G53,軟飯硬吃,瓜瓜,1,1,1,1,2,2,1
3/31,G53,軟飯硬吃,阿嘎,3,1,1,1,4,2,1
3/31,G53,軟飯硬吃,Allen,2,2,2,1,4,3,0
3/31,G53,軟飯硬吃,樂源小宇,3,3,1,0,4,3,0
3/31,G53,軟飯硬吃,藍鳥,0,0,2,1,2,1,2
3/31,G53,軟飯硬吃,小薩,1,1,2,2,3,3,1
3/31,G53,軟飯硬吃,Louis,0,0,4,2,4,2,1
3/31,G54,酒空組,喵喵,1,1,0,0,1,1,1
3/31,G54,酒空組,阿輔,3,2,1,0,4,2,3
3/31,G54,酒空組,慶文,1,0,1,0,2,0,0
3/31,G54,酒空組,小豬,2,1,2,1,4,2,2
3/31,G54,酒空組,瘦子,3,2,4,3,7,5,5
3/31,G54,酒空組,山豬,1,1,0,0,1,1,1
3/31,G54,酒空組,羊羊,0,0,1,1,1,1,1
3/31,G54,酒空組,阿堯,0,0,2,0,2,0,1
3/31,G54,酒空組,小倫,1,0,2,2,3,2,1
3/31,G54,酒空組,Sandy,1,1,0,0,1,1,1
3/31,G54,酒空組,小宓,1,1,0,0,1,1,1
3/31,G54,酒空組,酒空小宇,0,0,2,0,2,0,1
3/31,G54,酒空組,阿仁,1,0,0,0,1,0,1
3/31,G54,逃生入口,Linda,2,0,0,0,2,0,0
3/31,G54,逃生入口,小孟,4,1,0,0,4,1,0
3/31,G54,逃生入口,阿誠,2,2,1,1,3,3,2
3/31,G54,逃生入口,華華,4,2,4,2,8,4,4
3/31,G54,逃生入口,乳來,3,1,2,1,5,2,1
3/31,G54,逃生入口,承翰,0,0,2,0,2,0,1
3/31,G54,逃生入口,小建,0,0,3,2,3,2,1
3/31,G54,逃生入口,Ace,0,0,3,2,3,2,2
4/7,G55,Vivi嘻嘻隊,小芬,4,2,0,0,4,2,2
4/7,G55,Vivi嘻嘻隊,老丹,4,3,2,2,6,5,4
4/7,G55,Vivi嘻嘻隊,阿淦,3,2,4,3,7,5,5
4/7,G55,Vivi嘻嘻隊,阿倫,2,1,4,3,6,4,4
4/7,G55,Vivi嘻嘻隊,蘇蘇,0,0,4,2,4,2,1
4/7,G55,Vivi嘻嘻隊,土豆,2,1,1,1,3,2,0
4/7,G55,Tonight29大四喜,安安,1,1,2,1,3,2,1
4/7,G55,Tonight29大四喜,Eric,1,0,3,1,4,1,1
4/7,G55,Tonight29大四喜,強哥,2,0,1,0,3,0,2
4/7,G55,Tonight29大四喜,小馬,2,1,4,1,6,2,3
4/7,G55,Tonight29大四喜,29小黃鴨,2,1,1,0,3,1,0
4/7,G55,Tonight29大四喜,小瑜,3,1,0,0,3,1,2
4/7,G55,Tonight29大四喜,柏暐,3,1,1,0,4,1,2
4/7,G55,Tonight29大四喜,小楓,1,1,3,1,4,2,3
4/7,G56,軟飯硬吃,藍鳥,1,1,2,1,3,2,1
4/7,G56,軟飯硬吃,小薩,2,0,2,1,4,1,1
4/7,G56,軟飯硬吃,大瀚,2,0,1,0,3,0,3
4/7,G56,軟飯硬吃,阿嘎,2,0,2,1,4,1,2
4/7,G56,軟飯硬吃,Allen,1,0,3,2,4,2,2
4/7,G56,軟飯硬吃,大頭,3,1,1,0,4,1,1
4/7,G56,軟飯硬吃,樂源小宇,3,1,1,0,4,1,1
4/7,G56,軟飯硬吃,Louis,1,0,3,1,4,1,3
4/7,G56,Tonight29十三么,Keira,2,1,2,1,4,2,4
4/7,G56,Tonight29十三么,小齊,4,3,4,2,8,5,4
4/7,G56,Tonight29十三么,猴猴,4,3,4,3,8,6,3
4/7,G56,Tonight29十三么,小飛,4,4,4,3,8,7,5
4/7,G56,Tonight29十三么,秋瑩,1,1,1,0,2,1,0
4/7,G57,Tonight29大三元,+0,3,2,3,1,6,3,4
4/7,G57,Tonight29大三元,阿哲,3,2,2,0,5,2,1
4/7,G57,Tonight29大三元,嘉宸,2,2,4,1,6,3,2
4/7,G57,Tonight29大三元,阿傑,3,1,3,0,6,1,1
4/7,G57,Tonight29大三元,貓咪,3,2,3,1,6,3,3
4/7,G57,Tonight29大三元,小承,1,1,0,0,1,1,0
4/7,G57,人生揪亮,宗燁,2,1,1,1,3,2,2
4/7,G57,人生揪亮,小傅,1,0,2,2,3,2,3
4/7,G57,人生揪亮,冠宇,3,1,0,0,3,1,3
4/7,G57,人生揪亮,小魚,2,1,1,1,3,2,2
4/7,G57,人生揪亮,阿肥,2,1,1,1,3,2,3
4/7,G57,人生揪亮,歪歪,1,1,1,1,2,2,2
4/7,G57,人生揪亮,亮亮,0,0,1,0,1,0,1
4/7,G57,人生揪亮,阿朋,0,0,2,1,2,1,0
4/7,G57,人生揪亮,小野,0,0,3,2,3,2,1
4/7,G57,人生揪亮,阿琪,1,0,2,2,3,2,0
4/7,G57,人生揪亮,柯柯,2,0,0,0,2,0,1
4/7,G57,人生揪亮,克林,1,0,1,1,2,1,1
4/7,G58,人生揪難,joy,2,0,1,1,3,1,1
4/7,G58,人生揪難,ben,2,0,1,0,3,0,3
4/7,G58,人生揪難,lucy,2,1,0,0,2,1,1
4/7,G58,人生揪難,小蘇,3,2,4,1,7,3,5
4/7,G58,人生揪難,蘇仔,2,1,4,0,6,1,4
4/7,G58,人生揪難,羿珩,2,1,2,0,4,1,3
4/7,G58,人生揪難,宜竫,1,1,2,0,3,1,1
4/7,G58,人生揪難,紅閎,1,0,0,0,1,0,1
4/7,G58,人生揪難,小姜,0,0,1,0,1,0,0
4/7,G58,Vivi哈哈隊,美美,1,1,0,0,1,1,1
4/7,G58,Vivi哈哈隊,怪頭,2,1,2,2,4,3,1
4/7,G58,Vivi哈哈隊,威廉,3,2,1,1,4,3,2
4/7,G58,Vivi哈哈隊,石頭,1,0,1,0,2,0,0
4/7,G58,Vivi哈哈隊,小耿,3,2,4,3,7,5,2
4/7,G58,Vivi哈哈隊,范姜姐,2,1,1,1,3,2,2
4/7,G58,Vivi哈哈隊,david,2,2,4,4,6,6,2
4/7,G58,Vivi哈哈隊,超哥,1,0,2,2,3,2,1
4/7,G59,酒空組,Sandy,2,0,0,0,2,0,2
4/7,G59,酒空組,小倫,4,2,4,3,8,5,4
4/7,G59,酒空組,慶文,1,1,0,0,1,1,0
4/7,G59,酒空組,小豬,4,2,3,2,7,4,5
4/7,G59,酒空組,阿堯,2,1,4,2,6,3,3
4/7,G59,酒空組,喵喵,1,0,1,1,2,1,2
4/7,G59,酒空組,阿仁,0,0,2,2,2,2,1
4/7,G59,酒空組,小宓,1,1,0,0,1,1,0
4/7,G59,酒空組,山豬,0,0,1,0,1,0,0
4/7,G59,傑克黑桃,大毛,1,1,2,0,3,1,2
4/7,G59,傑克黑桃,皓皓,2,1,3,1,5,2,3
4/7,G59,傑克黑桃,阿發,3,2,0,0,3,2,1
4/7,G59,傑克黑桃,宇辰,4,1,0,0,4,1,1
4/7,G59,傑克黑桃,阿B,1,0,0,0,1,0,0
4/7,G59,傑克黑桃,小琪,0,0,1,0,1,0,0
4/7,G59,傑克黑桃,阿俊,2,2,4,1,6,3,3
4/7,G59,傑克黑桃,Stan,2,1,4,2,6,3,3
4/7,G59,傑克黑桃,小胖,0,0,1,1,1,1,0
4/7,G60,傑克紅心,念念,2,0,1,0,3,0,2
4/7,G60,傑克紅心,Kevin,4,1,1,0,5,1,2
4/7,G60,傑克紅心,Mo,3,2,1,1,4,3,2
4/7,G60,傑克紅心,小虎,3,1,2,1,5,2,2
4/7,G60,傑克紅心,小劉,2,1,2,1,4,2,0
4/7,G60,傑克紅心,阿福,1,0,4,1,5,1,2
4/7,G60,傑克紅心,老師,0,0,4,2,4,2,1
4/7,G60,逃生入口,Ace,1,1,3,1,4,2,2
4/7,G60,逃生入口,華華,3,2,4,3,7,5,3
4/7,G60,逃生入口,小建,3,1,0,0,3,1,2
4/7,G60,逃生入口,乳來,4,3,2,1,6,4,4
4/7,G60,逃生入口,阿誠,1,1,2,2,3,3,2
4/7,G60,逃生入口,承翰,0,0,4,2,4,2,3
4/7,G60,逃生入口,Linda,1,1,0,0,1,1,1
4/7,G60,逃生入口,Jesse,2,1,0,0,2,1,2
4/14,G61,傑克紅心,霖霖,1,0,1,1,2,1,1
4/14,G61,傑克紅心,Terry,3,2,1,1,4,3,2
4/14,G61,傑克紅心,阿福,4,2,0,0,4,2,1
4/14,G61,傑克紅心,阿翰,1,0,3,1,4,1,4
4/14,G61,傑克紅心,小虎,1,0,2,0,3,0,2
4/14,G61,傑克紅心,老師,2,1,2,1,4,2,3
4/14,G61,傑克紅心,許哥,2,2,1,0,3,2,1
4/14,G61,傑克紅心,祐祐,0,0,3,2,3,2,1
4/14,G61,傑克紅心,小劉,1,1,2,2,3,3,1
4/14,G61,傑克黑桃,Tina,1,1,0,0,1,1,0
4/14,G61,傑克黑桃,阿B,1,1,0,0,1,1,1
4/14,G61,傑克黑桃,阿發,2,1,0,0,2,1,1
4/14,G61,傑克黑桃,Stan,3,1,2,0,5,1,3
4/14,G61,傑克黑桃,小胖,2,1,2,2,4,3,3
4/14,G61,傑克黑桃,阿睿,1,1,2,1,3,2,1
4/14,G61,傑克黑桃,大毛,1,1,2,1,3,2,1
4/14,G61,傑克黑桃,小琪,0,0,1,0,1,0,1
4/14,G61,傑克黑桃,阿俊,1,0,3,1,4,1,2
4/14,G61,傑克黑桃,宇辰,1,0,2,1,3,1,0
4/14,G61,傑克黑桃,皓皓,2,0,1,1,3,1,1
4/14,G62,酒空組,喵喵,2,0,0,0,2,0,2
4/14,G62,酒空組,阿堯,4,3,3,1,7,4,5
4/14,G62,酒空組,慶文,2,1,0,0,2,1,1
4/14,G62,酒空組,小倫,4,2,3,2,7,4,4
4/14,G62,酒空組,小豬,2,2,4,3,6,5,4
4/14,G62,酒空組,羊羊,0,0,2,2,2,2,0
4/14,G62,酒空組,阿仁,0,0,3,1,3,1,1
4/14,G62,酒空組,山豬,1,1,0,0,1,1,1
4/14,G62,Tonight29大三元,貓咪,4,2,2,0,6,2,2
4/14,G62,Tonight29大三元,+0,4,1,3,1,7,2,2
4/14,G62,Tonight29大三元,Ivan,1,1,1,0,2,1,0
4/14,G62,Tonight29大三元,阿哲,4,2,3,1,7,3,3
4/14,G62,Tonight29大三元,小承,0,0,2,2,2,2,1
4/14,G62,Tonight29大三元,嘉宸,2,0,3,1,5,1,3
4/14,G62,Tonight29大三元,白哥,0,0,1,1,1,1,1
4/14,G63,Tonight29大四喜,安安,2,0,1,0,3,0,3
4/14,G63,Tonight29大四喜,小楓,1,0,3,0,4,0,2
4/14,G63,Tonight29大四喜,哲瑋,2,2,2,0,4,2,1
4/14,G63,Tonight29大四喜,小馬,4,1,3,1,7,2,2
4/14,G63,Tonight29大四喜,Faker,3,1,4,1,7,2,5
4/14,G63,Tonight29大四喜,柏暐,3,1,2,0,5,1,3
4/14,G63,軟飯硬吃,藍鳥,2,2,1,1,3,3,0
4/14,G63,軟飯硬吃,小薩,1,1,2,1,3,2,0
4/14,G63,軟飯硬吃,樂源小宇,4,2,1,1,5,3,4
4/14,G63,軟飯硬吃,阿嘎,2,1,3,3,5,4,4
4/14,G63,軟飯硬吃,Allen,1,1,4,3,5,4,2
4/14,G63,軟飯硬吃,大頭,3,2,2,2,5,4,3
4/14,G63,軟飯硬吃,Louis,2,1,2,2,4,3,1
4/14,G64,Tonight29十三么,Keira,2,0,2,1,4,1,2
4/14,G64,Tonight29十三么,小齊,4,2,3,1,7,3,2
4/14,G64,Tonight29十三么,猴猴,4,2,3,2,7,4,4
4/14,G64,Tonight29十三么,小飛,4,2,3,2,7,4,3
4/14,G64,Tonight29十三么,朋朋,0,0,3,1,3,1,0
4/14,G64,Tonight29十三么,秋瑩,1,1,1,0,2,1,1
4/14,G64,逃生入口,Ace,2,1,3,1,5,2,2
4/14,G64,逃生入口,小建,2,1,2,0,4,1,3
4/14,G64,逃生入口,華華,4,2,4,2,8,4,5
4/14,G64,逃生入口,乳來,4,3,3,3,7,6,6
4/14,G64,逃生入口,小東,3,1,0,0,3,1,1
4/14,G64,逃生入口,Jesse,0,0,3,2,3,2,1
4/14,G65,Vivi嘻嘻隊,kaman,3,2,2,1,5,3,3
4/14,G65,Vivi嘻嘻隊,老丹,3,3,4,2,7,5,5
4/14,G65,Vivi嘻嘻隊,光頭,1,1,3,2,4,3,3
4/14,G65,Vivi嘻嘻隊,阿倫,3,2,3,1,6,3,4
4/14,G65,Vivi嘻嘻隊,阿淦,2,1,3,2,5,3,3
4/14,G65,Vivi嘻嘻隊,小芬,3,2,0,0,3,2,2
4/14,G65,人生揪難,joy,1,0,2,2,3,2,2
4/14,G65,人生揪難,ben,3,1,0,0,3,1,0
4/14,G65,人生揪難,lucy,2,1,0,0,2,1,2
4/14,G65,人生揪難,小蘇,3,0,3,2,6,2,2
4/14,G65,人生揪難,蘇仔,2,0,4,2,6,2,2
4/14,G65,人生揪難,婠婠,2,1,1,0,3,1,1
4/14,G65,人生揪難,小安,0,0,2,0,2,0,0
4/14,G65,人生揪難,羿珩,1,0,2,1,3,1,1
4/14,G65,人生揪難,紅閎,1,1,0,0,1,1,0
4/14,G65,人生揪難,小姜,0,0,1,0,1,0,0
4/14,G66,人生揪亮,冠宇,3,1,1,0,4,1,1
4/14,G66,人生揪亮,克林,3,1,1,0,4,1,1
4/14,G66,人生揪亮,宗燁,1,0,3,0,4,0,2
4/14,G66,人生揪亮,小魚,1,0,3,0,4,0,3
4/14,G66,人生揪亮,阿肥,3,1,2,1,5,2,2
4/14,G66,人生揪亮,亮亮,1,0,2,0,3,0,3
4/14,G66,人生揪亮,小野,1,1,3,1,4,2,1
4/14,G66,人生揪亮,泡泡,2,1,0,0,2,1,1
4/14,G66,Vivi哈哈隊,范姜姐,2,0,0,0,2,0,2
4/14,G66,Vivi哈哈隊,怪頭,2,1,3,2,5,3,3
4/14,G66,Vivi哈哈隊,威廉,1,1,2,2,3,3,2
4/14,G66,Vivi哈哈隊,david,2,2,3,3,5,5,2
4/14,G66,Vivi哈哈隊,馬克,3,2,3,3,6,5,3
4/14,G66,Vivi哈哈隊,小耿,3,2,3,2,6,4,3
4/14,G66,Vivi哈哈隊,美美,1,1,1,1,2,2,1
4/14,G66,Vivi哈哈隊,石頭,1,1,0,0,1,1,0
4/28,G67,Tonight29大三元,貓咪,4,3,3,1,7,4,3
4/28,G67,Tonight29大三元,學長,3,2,3,3,6,5,3
4/28,G67,Tonight29大三元,Ivan,4,2,2,0,6,2,3
4/28,G67,Tonight29大三元,嘉宸,4,3,2,2,6,5,2
4/28,G67,Tonight29大三元,小承,0,0,3,2,3,2,1
4/28,G67,Tonight29大三元,阿哲,0,0,2,2,2,2,1
4/28,G67,傑克紅心,霖霖,3,1,1,1,4,2,4
4/28,G67,傑克紅心,老師,3,1,1,0,4,1,2
4/28,G67,傑克紅心,祐祐,2,1,2,1,4,2,1
4/28,G67,傑克紅心,阿福,4,1,1,0,5,1,2
4/28,G67,傑克紅心,小劉,1,0,3,2,4,2,3
4/28,G67,傑克紅心,阿翰,0,0,4,0,4,0,3
4/28,G67,傑克紅心,Terry,2,1,3,1,5,2,2
4/28,G68,傑克黑桃,Tina,2,0,1,0,3,0,1
4/28,G68,傑克黑桃,大毛,1,0,3,2,4,2,1
4/28,G68,傑克黑桃,阿發,3,1,1,0,4,1,2
4/28,G68,傑克黑桃,小胖,2,0,4,1,6,1,3
4/28,G68,傑克黑桃,宇辰,3,0,3,1,6,1,2
4/28,G68,傑克黑桃,Stan,3,1,3,3,6,4,2
4/28,G68,傑克黑桃,阿B,1,0,0,0,1,0,0
4/28,G68,Tonight29十三么,Keira,1,1,3,1,4,2,2
4/28,G68,Tonight29十三么,小齊,4,4,3,1,7,5,6
4/28,G68,Tonight29十三么,猴猴,4,4,3,3,7,7,5
4/28,G68,Tonight29十三么,小飛,4,3,3,1,7,4,4
4/28,G68,Tonight29十三么,朋朋,0,0,3,2,3,2,1
4/28,G68,Tonight29十三么,秋瑩,2,1,0,0,2,1,1
4/28,G69,逃生入口,Linda,1,1,0,0,1,1,0
4/28,G69,逃生入口,Ace,3,2,3,1,6,3,6
4/28,G69,逃生入口,乳來,4,3,3,2,7,5,4
4/28,G69,逃生入口,華華,4,4,4,2,8,6,4
4/28,G69,逃生入口,隼隼,2,2,2,0,4,2,3
4/28,G69,逃生入口,承翰,1,1,2,1,3,2,1
4/28,G69,逃生入口,Jesse,0,0,1,0,1,0,0
4/28,G69,Tonight29大四喜,小瑜,2,0,0,0,2,0,1
4/28,G69,Tonight29大四喜,29小黃鴨,3,1,2,2,5,3,1
4/28,G69,Tonight29大四喜,強哥,2,1,1,0,3,1,0
4/28,G69,Tonight29大四喜,光頭政,3,0,2,2,5,2,3
4/28,G69,Tonight29大四喜,Faker,2,0,3,1,5,1,3
4/28,G69,Tonight29大四喜,柏暐,3,0,4,2,7,2,2
4/28,G69,Tonight29大四喜,小雨,0,0,3,2,3,2,2
4/28,G70,Vivi嘻嘻隊,小芬,4,1,0,0,4,1,4
4/28,G70,Vivi嘻嘻隊,老丹,3,2,2,2,5,4,4
4/28,G70,Vivi嘻嘻隊,光頭,2,1,2,1,4,2,1
4/28,G70,Vivi嘻嘻隊,阿倫,3,0,3,2,6,2,4
4/28,G70,Vivi嘻嘻隊,阿淦,1,0,4,3,5,3,2
4/28,G70,Vivi嘻嘻隊,蘇蘇,0,0,3,1,3,1,1
4/28,G70,Vivi嘻嘻隊,土豆,2,1,1,1,3,2,2
4/28,G70,軟飯硬吃,大瀚,2,1,2,1,4,2,1
4/28,G70,軟飯硬吃,大頭,4,2,1,0,5,2,1
4/28,G70,軟飯硬吃,瓜瓜,2,2,3,2,5,4,4
4/28,G70,軟飯硬吃,阿嘎,2,2,3,0,5,2,1
4/28,G70,軟飯硬吃,樂源小宇,3,2,3,1,6,3,2
4/28,G70,軟飯硬吃,Louis,2,1,3,1,5,2,3
4/28,G71,酒空組,Sandy,2,1,0,0,2,1,1
4/28,G71,酒空組,阿堯,3,1,3,0,6,1,3
4/28,G71,酒空組,阿輔,4,2,3,1,7,3,5
4/28,G71,酒空組,小豬,3,2,2,0,5,2,4
4/28,G71,酒空組,小倫,2,1,4,0,6,1,3
4/28,G71,酒空組,山豬,0,0,2,1,2,1,1
4/28,G71,酒空組,阿仁,1,0,1,1,2,1,1
4/28,G71,Vivi哈哈隊,范姜姐,2,1,1,0,3,1,1
4/28,G71,Vivi哈哈隊,怪頭,1,0,2,1,3,1,2
4/28,G71,Vivi哈哈隊,石頭,1,0,0,0,1,0,0
4/28,G71,Vivi哈哈隊,david,2,1,3,2,5,3,1
4/28,G71,Vivi哈哈隊,馬克,2,1,3,3,5,4,3
4/28,G71,Vivi哈哈隊,小耿,3,2,3,3,6,5,2
4/28,G71,Vivi哈哈隊,美美,1,0,0,0,1,0,0
4/28,G71,Vivi哈哈隊,超哥,2,2,2,2,4,4,2
4/28,G71,Vivi哈哈隊,浩子,1,1,1,1,2,2,1
4/28,G72,人生揪難,joy,2,0,1,1,3,1,2
4/28,G72,人生揪難,羿珩,1,1,2,2,3,3,1
4/28,G72,人生揪難,ben,2,2,0,0,2,2,1
4/28,G72,人生揪難,小蘇,2,2,3,3,5,5,2
4/28,G72,人生揪難,蘇仔,1,1,4,4,5,5,2
4/28,G72,人生揪難,lucy,3,2,0,0,3,2,1
4/28,G72,人生揪難,宜竫,2,1,1,1,3,2,2
4/28,G72,人生揪難,婠婠,1,0,2,2,3,2,0
4/28,G72,人生揪難,紅閎,1,1,1,1,2,2,1
4/28,G72,人生揪難,小姜,0,0,1,1,1,1,0
4/28,G72,人生揪亮,小魚,2,1,1,0,3,1,0
4/28,G72,人生揪亮,小野,3,1,2,0,5,1,4
4/28,G72,人生揪亮,宗燁,2,0,2,0,4,0,2
4/28,G72,人生揪亮,亮亮,2,0,2,0,4,0,2
4/28,G72,人生揪亮,小傅,2,1,3,0,5,1,3
4/28,G72,人生揪亮,阿朋,1,0,2,0,3,0,2
4/28,G72,人生揪亮,歪歪,1,0,1,0,2,0,1
4/28,G72,人生揪亮,泡泡,1,1,0,0,1,1,1
4/28,G72,人生揪亮,克林,1,1,1,0,2,1,2
4/28,G72,人生揪亮,阿琪,0,0,1,0,1,0,1
5/5,G73,Tonight29大三元,貓咪,2,1,1,0,3,1,2
5/5,G73,Tonight29大三元,阿哲,4,1,3,1,7,2,2
5/5,G73,Tonight29大三元,阿傑,3,1,4,0,7,1,1
5/5,G73,Tonight29大三元,+0,4,1,2,1,6,2,2
5/5,G73,Tonight29大三元,嘉宸,2,0,4,0,6,0,2
5/5,G73,Tonight29大三元,白哥,0,0,1,0,1,0,0
5/5,G73,Tonight29十三么,Keira,3,2,3,2,6,4,4
5/5,G73,Tonight29十三么,小齊,4,3,4,4,8,7,7
5/5,G73,Tonight29十三么,猴猴,4,3,4,4,8,7,6
5/5,G73,Tonight29十三么,小飛,4,3,4,3,8,6,4
5/5,G74,Tonight29大四喜,安安,1,0,1,1,2,1,2
5/5,G74,Tonight29大四喜,29小黃鴨,2,0,1,0,3,0,0
5/5,G74,Tonight29大四喜,強哥,2,0,2,0,4,0,3
5/5,G74,Tonight29大四喜,小馬,3,2,1,1,4,3,4
5/5,G74,Tonight29大四喜,Faker,2,1,2,1,4,2,4
5/5,G74,Tonight29大四喜,柏暐,3,1,2,1,5,2,4
5/5,G74,Tonight29大四喜,小楓,0,0,4,3,4,3,4
5/5,G74,Tonight29大四喜,小瑜,1,0,0,0,1,0,0
5/5,G74,Tonight29大四喜,光頭政,1,0,2,0,3,0,1
5/5,G74,傑克黑桃,肥肥,1,1,1,0,2,1,0
5/5,G74,傑克黑桃,阿睿,3,3,4,2,7,5,3
5/5,G74,傑克黑桃,阿俊,3,3,4,2,7,5,2
5/5,G74,傑克黑桃,阿發,4,2,0,0,4,2,1
5/5,G74,傑克黑桃,大毛,1,0,2,2,3,2,1
5/5,G74,傑克黑桃,阿B,1,0,0,0,1,0,0
5/5,G74,傑克黑桃,Stan,2,2,4,2,6,4,1
5/5,G75,軟飯硬吃,大頭,4,2,1,1,5,3,1
5/5,G75,軟飯硬吃,小薩,3,2,3,1,6,3,4
5/5,G75,軟飯硬吃,Allen,4,3,4,1,8,4,4
5/5,G75,軟飯硬吃,阿嘎,3,3,3,1,6,4,2
5/5,G75,軟飯硬吃,Louis,1,1,4,1,5,2,3
5/5,G75,人生揪難,joy,1,1,3,2,4,3,2
5/5,G75,人生揪難,ben,3,0,0,0,3,0,2
5/5,G75,人生揪難,宜竫,2,0,1,0,3,0,2
5/5,G75,人生揪難,小蘇,3,1,2,2,5,3,1
5/5,G75,人生揪難,蘇仔,1,1,4,4,5,5,1
5/5,G75,人生揪難,lucy,3,1,0,0,3,1,2
5/5,G75,人生揪難,羿珩,0,0,3,1,3,1,2
5/5,G75,人生揪難,紅閎,2,0,0,0,2,0,2
5/5,G75,人生揪難,小姜,0,0,2,1,2,1,2
5/5,G76,人生揪亮,泡泡,1,1,0,0,1,1,1
5/5,G76,人生揪亮,宗燁,1,0,3,0,4,0,0
5/5,G76,人生揪亮,克林,1,0,2,0,3,0,0
5/5,G76,人生揪亮,小偉,2,1,2,0,4,1,1
5/5,G76,人生揪亮,阿肥,3,1,2,1,5,2,3
5/5,G76,人生揪亮,冠宇,3,0,0,0,3,0,1
5/5,G76,人生揪亮,小魚,3,0,1,0,4,0,1
5/5,G76,人生揪亮,亮亮,0,0,2,1,2,1,1
5/5,G76,人生揪亮,小野,1,1,3,1,4,2,2
5/5,G76,酒空組,羊羊,2,0,0,0,2,0,0
5/5,G76,酒空組,阿堯,2,2,1,1,3,3,2
5/5,G76,酒空組,山豬,1,1,0,0,1,1,1
5/5,G76,酒空組,小倫,4,3,2,2,6,5,5
5/5,G76,酒空組,慶文,2,2,0,0,2,2,1
5/5,G76,酒空組,小宓,0,0,1,0,1,0,0
5/5,G76,酒空組,阿仁,0,0,2,2,2,2,2
5/5,G76,酒空組,瘦子,2,1,3,3,5,4,3
5/5,G76,酒空組,小豬,0,0,3,2,3,2,2
5/5,G76,酒空組,酒空小宇,0,0,3,2,3,2,2
5/5,G76,酒空組,Sandy,2,2,0,0,2,2,2
5/5,G77,Vivi嘻嘻隊,小芬,4,2,0,0,4,2,3
5/5,G77,Vivi嘻嘻隊,光頭,1,0,4,1,5,1,2
5/5,G77,Vivi嘻嘻隊,老丹,3,2,2,1,5,3,3
5/5,G77,Vivi嘻嘻隊,阿倫,4,3,2,1,6,4,2
5/5,G77,Vivi嘻嘻隊,阿淦,3,2,3,1,6,3,4
5/5,G77,Vivi嘻嘻隊,蘇蘇,0,0,4,2,4,2,2
5/5,G77,逃生入口,Linda,2,1,1,0,3,1,2
5/5,G77,逃生入口,隼隼,2,1,1,0,3,1,1
5/5,G77,逃生入口,小孟,4,2,3,2,7,4,3
5/5,G77,逃生入口,華華,4,1,4,3,8,4,4
5/5,G77,逃生入口,乳來,3,1,2,1,5,2,3
5/5,G77,逃生入口,Ace,0,0,4,3,4,3,1
5/5,G78,傑克紅心,Mo,4,1,0,0,4,1,3
5/5,G78,傑克紅心,Terry,3,1,0,0,3,1,2
5/5,G78,傑克紅心,小虎,4,1,0,0,4,1,2
5/5,G78,傑克紅心,許哥,4,1,0,0,4,1,1
5/5,G78,傑克紅心,Kevin,0,0,3,2,3,2,0
5/5,G78,傑克紅心,祐祐,0,0,4,1,4,1,1
5/5,G78,傑克紅心,阿福,0,0,4,1,4,1,0
5/5,G78,傑克紅心,老師,0,0,4,1,4,1,0
5/5,G78,Vivi哈哈隊,范姜姐,1,1,1,1,2,2,1
5/5,G78,Vivi哈哈隊,怪頭,3,2,1,0,4,2,2
5/5,G78,Vivi哈哈隊,石頭,1,1,0,0,1,1,0
5/5,G78,Vivi哈哈隊,馬克,2,2,4,3,6,5,6
5/5,G78,Vivi哈哈隊,小耿,3,2,3,2,6,4,5
5/5,G78,Vivi哈哈隊,美美,1,1,2,2,3,3,3
5/5,G78,Vivi哈哈隊,Lin,2,1,1,0,3,1,1
5/5,G78,Vivi哈哈隊,超哥,2,1,3,2,5,3,3
5/12,G79,Tonight29大四喜,安安,1,1,1,1,2,2,2
5/12,G79,Tonight29大四喜,Faker,3,2,3,0,6,2,4
5/12,G79,Tonight29大四喜,29小黃鴨,2,1,1,0,3,1,0
5/12,G79,Tonight29大四喜,小馬,1,0,2,0,3,0,1
5/12,G79,Tonight29大四喜,小豪,3,2,2,0,5,2,3
5/12,G79,Tonight29大四喜,柏暐,3,3,1,0,4,3,2
5/12,G79,Tonight29大四喜,光頭政,0,0,3,2,3,2,2
5/12,G79,Tonight29大四喜,強哥,1,1,2,1,3,2,1
5/12,G79,Tonight29大四喜,小瑜,1,1,0,0,1,1,1
5/12,G79,Tonight29大三元,貓咪,3,1,3,1,6,2,2
5/12,G79,Tonight29大三元,阿哲,4,1,4,4,8,5,4
5/12,G79,Tonight29大三元,+0,3,0,2,1,5,1,2
5/12,G79,Tonight29大三元,嘉宸,4,2,4,4,8,6,5
5/12,G79,Tonight29大三元,白哥,1,0,2,1,3,1,1
5/12,G80,Vivi哈哈隊,范姜姐,1,1,1,0,2,1,2
5/12,G80,Vivi哈哈隊,怪頭,2,0,1,1,3,1,3
5/12,G80,Vivi哈哈隊,石頭,1,1,1,0,2,1,0
5/12,G80,Vivi哈哈隊,david,3,0,4,1,7,1,4
5/12,G80,Vivi哈哈隊,馬克,3,0,4,1,7,1,5
5/12,G80,Vivi哈哈隊,小耿,3,0,2,1,5,1,4
5/12,G80,Vivi哈哈隊,威廉,2,0,2,2,4,2,4
5/12,G80,Tonight29十三么,Keira,3,2,3,1,6,3,0
5/12,G80,Tonight29十三么,小齊,3,3,4,3,7,6,3
5/12,G80,Tonight29十三么,Amigo,1,0,0,0,1,0,1
5/12,G80,Tonight29十三么,小飛,4,4,3,1,7,5,2
5/12,G80,Tonight29十三么,猴猴,3,3,3,2,6,5,1
5/12,G80,Tonight29十三么,朋朋,1,1,2,2,3,3,1
5/12,G81,酒空組,羊羊,2,0,0,0,2,0,1
5/12,G81,酒空組,阿堯,3,2,1,0,4,2,0
5/12,G81,酒空組,慶文,2,1,0,0,2,1,1
5/12,G81,酒空組,小倫,4,1,4,1,8,2,3
5/12,G81,酒空組,小豬,2,1,4,1,6,2,2
5/12,G81,酒空組,喵喵,0,0,2,1,2,1,1
5/12,G81,酒空組,山豬,0,0,1,1,1,1,0
5/12,G81,酒空組,阿仁,0,0,3,1,3,1,1
5/12,G81,酒空組,Sandy,2,2,0,0,2,2,0
5/12,G81,人生揪難,joy,1,1,2,1,3,2,3
5/12,G81,人生揪難,ben,3,1,0,0,3,1,2
5/12,G81,人生揪難,宜竫,2,1,0,0,2,1,1
5/12,G81,人生揪難,小蘇,3,2,3,2,6,4,4
5/12,G81,人生揪難,蘇仔,2,1,4,3,6,4,4
5/12,G81,人生揪難,上銘,1,1,2,2,3,3,3
5/12,G81,人生揪難,lucy,1,0,1,1,2,1,1
5/12,G81,人生揪難,羿珩,1,0,2,1,3,1,2
5/12,G81,人生揪難,紅閎,1,1,0,0,1,1,0
5/12,G81,人生揪難,小姜,0,0,1,0,1,0,1
5/12,G82,逃生入口,Linda,2,0,1,0,3,0,2
5/12,G82,逃生入口,Ace,4,0,2,1,6,1,3
5/12,G82,逃生入口,小孟,4,1,4,1,8,2,2
5/12,G82,逃生入口,華華,4,1,4,2,8,3,4
5/12,G82,逃生入口,Jesse,1,0,4,1,5,1,2
5/12,G82,軟飯硬吃,藍鳥,1,1,2,1,3,2,0
5/12,G82,軟飯硬吃,瓜瓜,3,3,3,2,6,5,5
5/12,G82,軟飯硬吃,大瀚,3,2,2,2,5,4,4
5/12,G82,軟飯硬吃,阿嘎,2,1,3,1,5,2,2
5/12,G82,軟飯硬吃,大頭,3,3,2,2,5,5,3
5/12,G82,軟飯硬吃,樂源小宇,3,3,3,2,6,5,3
5/12,G83,人生揪亮,泡泡,2,0,0,0,2,0,1
5/12,G83,人生揪亮,宗燁,2,1,2,2,4,3,2
5/12,G83,人生揪亮,冠宇,2,2,1,1,3,3,0
5/12,G83,人生揪亮,小野,2,1,2,2,4,3,0
5/12,G83,人生揪亮,阿肥,3,1,3,3,6,4,0
5/12,G83,人生揪亮,小魚,2,0,3,3,5,3,0
5/12,G83,人生揪亮,亮亮,0,0,3,3,3,3,0
5/12,G83,人生揪亮,克林,2,1,1,1,3,2,0
5/12,G83,傑克紅心,霖霖,2,1,1,0,3,1,2
5/12,G83,傑克紅心,老師,3,1,4,0,7,1,5
5/12,G83,傑克紅心,Terry,4,2,2,0,6,2,6
5/12,G83,傑克紅心,Kevin,3,3,4,0,7,3,7
5/12,G83,傑克紅心,小虎,3,2,4,0,7,2,7
5/12,G84,傑克黑桃,文姊,1,1,1,0,2,1,1
5/12,G84,傑克黑桃,阿俊,3,1,4,2,7,3,4
5/12,G84,傑克黑桃,阿B,3,1,0,0,3,1,2
5/12,G84,傑克黑桃,阿發,4,1,2,1,6,2,4
5/12,G84,傑克黑桃,大毛,2,0,4,1,6,1,4
5/12,G84,傑克黑桃,Stan,2,0,4,2,6,2,4
5/12,G84,Vivi嘻嘻隊,蘇蘇,1,0,2,1,3,1,1
5/12,G84,Vivi嘻嘻隊,光頭,2,1,2,1,4,2,3
5/12,G84,Vivi嘻嘻隊,Eddie,3,2,0,0,3,2,0
5/12,G84,Vivi嘻嘻隊,阿倫,3,3,3,2,6,5,2
5/12,G84,Vivi嘻嘻隊,老丹,3,3,4,3,7,6,3
5/12,G84,Vivi嘻嘻隊,阿淦,3,2,4,2,7,4,2
5/19,G85,Tonight29十三么,Keira,2,1,2,2,4,3,3
5/19,G85,Tonight29十三么,小齊,4,3,4,3,8,6,5
5/19,G85,Tonight29十三么,Amigo,1,0,1,0,2,0,0
5/19,G85,Tonight29十三么,小飛,4,4,3,1,7,5,3
5/19,G85,Tonight29十三么,猴猴,3,2,4,3,7,5,4
5/19,G85,Tonight29十三么,杰少,1,1,1,0,2,1,0
5/19,G85,人生揪亮,泡泡,2,1,0,0,2,1,1
5/19,G85,人生揪亮,小魚,1,0,4,2,5,2,2
5/19,G85,人生揪亮,冠宇,4,2,0,0,4,2,3
5/19,G85,人生揪亮,宗燁,3,1,1,0,4,1,2
5/19,G85,人生揪亮,阿肥,2,0,2,1,4,1,3
5/19,G85,人生揪亮,亮亮,0,0,3,0,3,0,0
5/19,G85,人生揪亮,克林,0,0,1,0,1,0,0
5/19,G85,人生揪亮,小野,2,0,3,2,5,2,3
5/19,G85,人生揪亮,阿朋,1,0,1,1,2,1,1
5/19,G86,Tonight29大三元,+0,4,4,2,1,6,5,3
5/19,G86,Tonight29大三元,阿哲,1,1,3,1,4,2,2
5/19,G86,Tonight29大三元,Ivan,2,2,2,0,4,2,1
5/19,G86,Tonight29大三元,阿傑,4,4,0,0,4,4,2
5/19,G86,Tonight29大三元,貓咪,2,2,2,1,4,3,1
5/19,G86,Tonight29大三元,小杰,1,1,3,1,4,2,2
5/19,G86,Tonight29大三元,嘉宸,1,1,2,1,3,2,2
5/19,G86,Tonight29大三元,小承,0,0,1,0,1,0,0
5/19,G86,Vivi嘻嘻隊,小芬,3,0,0,0,3,0,1
5/19,G86,Vivi嘻嘻隊,阿國,3,0,0,0,3,0,1
5/19,G86,Vivi嘻嘻隊,蘇蘇,1,0,2,2,3,2,3
5/19,G86,Vivi嘻嘻隊,阿淦,3,0,2,2,5,2,2
5/19,G86,Vivi嘻嘻隊,老丹,1,0,4,4,5,4,4
5/19,G86,Vivi嘻嘻隊,阿倫,2,0,3,1,5,1,2
5/19,G86,Vivi嘻嘻隊,kaman,2,0,1,0,3,0,2
5/19,G86,Vivi嘻嘻隊,光頭,0,0,3,1,3,1,2
5/19,G87,Vivi哈哈隊,范姜姐,2,2,1,1,3,3,2
5/19,G87,Vivi哈哈隊,怪頭,3,2,3,3,6,5,4
5/19,G87,Vivi哈哈隊,david,3,1,4,3,7,4,4
5/19,G87,Vivi哈哈隊,石頭,2,2,0,0,2,2,1
5/19,G87,Vivi哈哈隊,威廉,3,2,4,4,7,6,6
5/19,G87,Vivi哈哈隊,浩子,1,1,2,2,3,3,2
5/19,G87,Vivi哈哈隊,Lin,1,0,1,0,2,0,1
5/19,G87,Tonight29大四喜,安安,1,0,1,1,2,1,2
5/19,G87,Tonight29大四喜,Faker,3,1,2,0,5,1,1
5/19,G87,Tonight29大四喜,小雨,1,1,2,0,3,1,2
5/19,G87,Tonight29大四喜,小馬,1,0,4,0,5,0,2
5/19,G87,Tonight29大四喜,29小黃鴨,3,1,0,0,3,1,0
5/19,G87,Tonight29大四喜,柏暐,2,0,2,0,4,0,1
5/19,G87,Tonight29大四喜,光頭政,1,0,3,1,4,1,2
5/19,G87,Tonight29大四喜,小瑜,1,0,0,0,1,0,0
5/19,G87,Tonight29大四喜,小豪,1,1,0,0,1,1,0
5/19,G87,Tonight29大四喜,強哥,1,1,1,0,2,1,0
5/19,G88,傑克黑桃,肥肥,3,1,2,1,5,2,2
5/19,G88,傑克黑桃,阿發,4,0,4,0,8,0,2
5/19,G88,傑克黑桃,阿B,3,0,1,0,4,0,1
5/19,G88,傑克黑桃,大毛,3,0,4,0,7,0,4
5/19,G88,傑克黑桃,Stan,2,0,4,0,6,0,2
5/19,G88,軟飯硬吃,藍鳥,1,0,1,0,2,0,0
5/19,G88,軟飯硬吃,Allen,3,3,2,2,5,5,4
5/19,G88,軟飯硬吃,大瀚,2,2,1,1,3,3,3
5/19,G88,軟飯硬吃,阿嘎,2,2,2,2,4,4,3
5/19,G88,軟飯硬吃,瓜瓜,1,1,3,3,4,4,2
5/19,G88,軟飯硬吃,大頭,2,2,1,1,3,3,2
5/19,G88,軟飯硬吃,樂源小宇,3,3,2,2,5,5,3
5/19,G88,軟飯硬吃,Tako,1,1,3,3,4,4,2
5/19,G89,人生揪難,宜竫,3,1,1,0,4,1,1
5/19,G89,人生揪難,婠婠,1,0,2,1,3,1,1
5/19,G89,人生揪難,紅閎,2,0,0,0,2,0,2
5/19,G89,人生揪難,羿珩,2,1,3,2,5,3,0
5/19,G89,人生揪難,蘇仔,2,2,4,0,6,2,1
5/19,G89,人生揪難,小蘇,2,2,4,1,6,3,2
5/19,G89,人生揪難,lucy,2,1,0,0,2,1,1
5/19,G89,人生揪難,小姜,1,0,1,0,2,0,1
5/19,G89,逃生入口,Linda,2,1,0,0,2,1,2
5/19,G89,逃生入口,承翰,2,2,2,1,4,3,3
5/19,G89,逃生入口,小孟,4,2,3,2,7,4,4
5/19,G89,逃生入口,華華,4,2,4,3,8,5,5
5/19,G89,逃生入口,小建,1,0,0,0,1,0,0
5/19,G89,逃生入口,Ace,1,1,1,1,2,2,1
5/19,G89,逃生入口,乳來,1,0,4,4,5,4,5
5/19,G89,逃生入口,Jesse,0,0,1,0,1,0,1
5/19,G90,酒空組,Sandy,2,0,0,0,2,0,2
5/19,G90,酒空組,阿堯,2,0,0,0,2,0,1
5/19,G90,酒空組,酒空小宇,2,1,1,1,3,2,1
5/19,G90,酒空組,小豬,2,2,0,0,2,2,0
5/19,G90,酒空組,瘦子,1,1,4,2,5,3,4
5/19,G90,酒空組,小倫,3,3,2,1,5,4,3
5/19,G90,酒空組,阿輔,1,1,2,1,3,2,3
5/19,G90,酒空組,羊羊,1,1,1,0,2,1,1
5/19,G90,酒空組,阿仁,0,0,2,0,2,0,2
5/19,G90,酒空組,無名,0,0,2,0,2,0,2
5/19,G90,酒空組,小宓,1,1,0,0,1,1,0
5/19,G90,酒空組,山豬,0,0,1,1,1,1,0
5/19,G90,傑克紅心,小虎,4,2,0,0,4,2,1
5/19,G90,傑克紅心,老師,3,1,2,0,5,1,3
5/19,G90,傑克紅心,Kevin,3,2,2,1,5,3,0
5/19,G90,傑克紅心,Terry,3,0,3,3,6,3,3
5/19,G90,傑克紅心,阿福,2,0,4,3,6,3,2
5/19,G90,傑克紅心,阿翰,0,0,4,2,4,2,2
5/26,G91,Vivi嘻嘻隊,蘇蘇,1,1,2,2,3,3,1
5/26,G91,Vivi嘻嘻隊,阿國,4,0,0,0,4,0,2
5/26,G91,Vivi嘻嘻隊,小芬,3,0,0,0,3,0,1
5/26,G91,Vivi嘻嘻隊,光頭,1,1,2,1,3,2,2
5/26,G91,Vivi嘻嘻隊,阿淦,3,0,3,2,6,2,3
5/26,G91,Vivi嘻嘻隊,Eddie,1,0,1,0,2,0,1
5/26,G91,Vivi嘻嘻隊,kaman,0,0,3,2,3,2,2
5/26,G91,Vivi嘻嘻隊,阿倫,2,0,4,3,6,3,3
5/26,G91,Vivi哈哈隊,范姜姐,1,0,1,0,2,0,1
5/26,G91,Vivi哈哈隊,怪頭,2,2,3,1,5,3,3
5/26,G91,Vivi哈哈隊,信宏,2,2,0,0,2,2,1
5/26,G91,Vivi哈哈隊,馬克,2,1,4,1,6,2,2
5/26,G91,Vivi哈哈隊,威廉,2,2,3,1,5,3,4
5/26,G91,Vivi哈哈隊,美美,2,2,0,0,2,2,1
5/26,G91,Vivi哈哈隊,Lin,1,1,1,0,2,1,1
5/26,G91,Vivi哈哈隊,石頭,1,1,1,1,2,2,0
5/26,G91,Vivi哈哈隊,浩子,2,2,2,1,4,3,2
5/26,G92,Tonight29十三么,Keira,3,0,1,0,4,0,2
5/26,G92,Tonight29十三么,小齊,4,2,4,2,8,4,3
5/26,G92,Tonight29十三么,猴猴,4,1,4,2,8,3,4
5/26,G92,Tonight29十三么,小飛,4,0,4,3,8,3,3
5/26,G92,Tonight29十三么,秋瑩,0,0,2,2,2,2,2
5/26,G92,酒空組,羊羊,2,2,1,1,3,3,1
5/26,G92,酒空組,小倫,4,2,1,1,5,3,4
5/26,G92,酒空組,酒空小宇,1,1,2,1,3,2,1
5/26,G92,酒空組,小豬,3,3,3,0,6,3,3
5/26,G92,酒空組,阿堯,1,1,2,1,3,2,2
5/26,G92,酒空組,阿輔,1,1,2,1,3,2,2
5/26,G92,酒空組,慶文,2,1,1,0,3,1,2
5/26,G92,酒空組,山豬,1,1,1,0,2,1,1
5/26,G92,酒空組,阿仁,0,0,2,1,2,1,0
5/26,G93,軟飯硬吃,藍鳥,1,1,1,1,2,2,0
5/26,G93,軟飯硬吃,Allen,4,1,2,0,6,1,2
5/26,G93,軟飯硬吃,樂源小宇,4,1,2,1,6,2,3
5/26,G93,軟飯硬吃,阿嘎,2,0,3,1,5,1,4
5/26,G93,軟飯硬吃,大頭,2,1,3,2,5,3,2
5/26,G93,軟飯硬吃,Louis,2,0,4,3,6,3,2
5/26,G93,Tonight29大三元,貓咪,1,0,2,1,3,1,3
5/26,G93,Tonight29大三元,阿哲,2,2,3,1,5,3,3
5/26,G93,Tonight29大三元,+0,3,2,2,0,5,2,3
5/26,G93,Tonight29大三元,阿傑,4,3,4,2,8,5,3
5/26,G93,Tonight29大三元,嘉宸,3,2,4,3,7,5,4
5/26,G93,Tonight29大三元,薇薇,2,2,0,0,2,2,1
5/26,G94,人生揪亮,泡泡,2,1,0,0,2,1,2
5/26,G94,人生揪亮,宗燁,3,0,1,0,4,0,0
5/26,G94,人生揪亮,冠宇,2,0,1,0,3,0,2
5/26,G94,人生揪亮,小魚,2,0,2,2,4,2,2
5/26,G94,人生揪亮,柯柯,3,0,2,1,5,1,3
5/26,G94,人生揪亮,亮亮,0,0,2,0,2,0,2
5/26,G94,人生揪亮,小野,1,0,4,2,5,2,4
5/26,G94,人生揪亮,阿肥,2,0,3,1,5,1,4
5/26,G94,Tonight29大四喜,強哥,2,1,2,0,4,1,1
5/26,G94,Tonight29大四喜,小楓,1,1,4,3,5,4,2
5/26,G94,Tonight29大四喜,小馬,1,1,4,3,5,4,1
5/26,G94,Tonight29大四喜,Faker,4,4,2,1,6,5,3
5/26,G94,Tonight29大四喜,小豪,3,3,2,1,5,4,2
5/26,G94,Tonight29大四喜,柏暐,2,2,1,1,3,3,1
5/26,G94,Tonight29大四喜,小瑜,2,2,0,0,2,2,1
5/26,G95,逃生入口,Linda,3,1,1,0,4,1,1
5/26,G95,逃生入口,小建,2,1,2,1,4,2,1
5/26,G95,逃生入口,小孟,4,4,3,2,7,6,2
5/26,G95,逃生入口,華華,4,4,4,3,8,7,2
5/26,G95,逃生入口,Ace,2,2,2,1,4,3,2
5/26,G95,逃生入口,承翰,0,0,3,3,3,3,3
5/26,G95,傑克黑桃,肥肥,3,2,0,0,3,2,3
5/26,G95,傑克黑桃,大毛,1,0,3,1,4,1,1
5/26,G95,傑克黑桃,阿發,4,1,1,0,5,1,4
5/26,G95,傑克黑桃,阿睿,2,0,3,1,5,1,3
5/26,G95,傑克黑桃,小胖,2,0,1,0,3,0,3
5/26,G95,傑克黑桃,阿B,1,0,0,0,1,0,1
5/26,G95,傑克黑桃,Tina,0,0,2,1,2,1,0
5/26,G95,傑克黑桃,Stan,2,0,4,2,6,2,4
5/26,G95,傑克黑桃,小琪,0,0,1,0,1,0,0
5/26,G96,傑克紅心,Mo,4,1,4,1,8,2,3
5/26,G96,傑克紅心,老師,4,1,4,1,8,2,5
5/26,G96,傑克紅心,Kevin,3,1,4,1,7,2,3
5/26,G96,傑克紅心,阿福,4,2,3,2,7,4,6
5/26,G96,人生揪難,joy,2,1,2,2,4,3,1
5/26,G96,人生揪難,ben,3,2,0,0,3,2,2
5/26,G96,人生揪難,宜竫,2,1,0,0,2,1,1
5/26,G96,人生揪難,小蘇,3,2,3,2,6,4,2
5/26,G96,人生揪難,蘇仔,2,2,4,3,6,5,2
5/26,G96,人生揪難,lucy,1,1,1,0,2,1,2
5/26,G96,人生揪難,小安,0,0,2,1,2,1,1
5/26,G96,人生揪難,羿珩,1,1,2,1,3,2,2
5/26,G96,人生揪難,紅閎,1,0,0,0,1,0,0
5/26,G96,人生揪難,小姜,0,0,1,1,1,1,0
6/2,G97,Tonight29大三元,貓咪,4,3,4,2,8,5,5
6/2,G97,Tonight29大三元,阿哲,4,2,4,1,8,3,5
6/2,G97,Tonight29大三元,+0,4,3,4,3,8,6,4
6/2,G97,Tonight29大三元,Ivan,1,0,1,0,2,0,2
6/2,G97,Tonight29大三元,嘉宸,2,1,2,2,4,3,1
6/2,G97,逃生入口,Linda,1,0,1,0,2,0,1
6/2,G97,逃生入口,隼隼,3,2,0,0,3,2,3
6/2,G97,逃生入口,Ace,1,0,2,1,3,1,1
6/2,G97,逃生入口,華華,4,2,4,2,8,4,3
6/2,G97,逃生入口,小孟,3,1,3,2,6,3,2
6/2,G97,逃生入口,乳來,2,1,4,1,6,2,2
6/2,G97,逃生入口,承翰,1,0,1,1,2,1,1
6/2,G98,Tonight29大四喜,安安,2,2,1,0,3,2,1
6/2,G98,Tonight29大四喜,小楓,2,1,4,0,6,1,3
6/2,G98,Tonight29大四喜,強哥,2,1,3,1,5,2,3
6/2,G98,Tonight29大四喜,小馬,2,2,3,0,5,2,2
6/2,G98,Tonight29大四喜,小豪,3,1,1,0,4,1,1
6/2,G98,Tonight29大四喜,柏暐,2,0,0,0,2,0,1
6/2,G98,Tonight29大四喜,Faker,2,1,3,0,5,1,1
6/2,G98,酒空組,Sandy,1,0,0,0,1,0,1
6/2,G98,酒空組,阿輔,2,1,1,1,3,2,1
6/2,G98,酒空組,慶文,2,1,0,0,2,1,1
6/2,G98,酒空組,小倫,4,2,0,0,4,2,2
6/2,G98,酒空組,阿堯,2,2,1,1,3,3,2
6/2,G98,酒空組,山豬,0,0,1,1,1,1,0
6/2,G98,酒空組,阿仁,0,0,2,1,2,1,1
6/2,G98,酒空組,小豬,0,0,4,4,4,4,3
6/2,G98,酒空組,瘦子,2,1,3,3,5,4,4
6/2,G98,酒空組,酒空小宇,0,0,3,3,3,3,1
6/2,G98,酒空組,小惠,1,0,0,0,1,0,1
6/2,G98,酒空組,小宓,1,0,0,0,1,0,1
6/2,G99,傑克紅心,小虎,2,0,4,1,6,1,0
6/2,G99,傑克紅心,老師,4,1,2,1,6,2,2
6/2,G99,傑克紅心,Terry,3,0,3,1,6,1,0
6/2,G99,傑克紅心,Kevin,3,0,3,2,6,2,0
6/2,G99,傑克紅心,阿福,3,1,3,2,6,3,1
6/2,G99,Tonight29十三么,Keira,2,2,3,1,5,3,5
6/2,G99,Tonight29十三么,小齊,4,3,3,2,7,5,5
6/2,G99,Tonight29十三么,猴猴,4,4,3,2,7,6,7
6/2,G99,Tonight29十三么,小飛,3,3,4,1,7,4,7
6/2,G99,Tonight29十三么,朋朋,1,1,2,2,3,3,3
6/2,G99,Tonight29十三么,秋瑩,1,0,0,0,1,0,0
6/2,G100,軟飯硬吃,藍鳥,1,1,1,1,2,2,1
6/2,G100,軟飯硬吃,品言,2,0,2,1,4,1,2
6/2,G100,軟飯硬吃,樂源小宇,2,2,3,3,5,5,4
6/2,G100,軟飯硬吃,阿嘎,3,2,3,2,6,4,3
6/2,G100,軟飯硬吃,瓜瓜,2,2,3,3,5,5,5
6/2,G100,軟飯硬吃,大頭,3,2,1,1,4,3,4
6/2,G100,軟飯硬吃,Louis,2,1,2,2,4,3,3
6/2,G100,Vivi哈哈隊,范姜姐,2,0,0,0,2,0,1
6/2,G100,Vivi哈哈隊,怪頭,1,1,2,0,3,1,1
6/2,G100,Vivi哈哈隊,david,2,0,2,0,4,0,1
6/2,G100,Vivi哈哈隊,信宏,3,1,0,0,3,1,2
6/2,G100,Vivi哈哈隊,馬克,3,1,3,1,6,2,1
6/2,G100,Vivi哈哈隊,美美,2,1,0,0,2,1,1
6/2,G100,Vivi哈哈隊,小耿,1,0,3,1,4,1,1
6/2,G100,Vivi哈哈隊,威廉,1,1,2,0,3,1,0
6/2,G100,Vivi哈哈隊,石頭,0,0,1,0,1,0,0
6/2,G100,Vivi哈哈隊,浩子,0,0,2,0,2,0,0
6/2,G101,Vivi嘻嘻隊,kaman,3,3,2,2,5,5,2
6/2,G101,Vivi嘻嘻隊,阿倫,3,3,3,3,6,6,3
6/2,G101,Vivi嘻嘻隊,光頭,2,2,3,2,5,4,2
6/2,G101,Vivi嘻嘻隊,阿淦,4,4,2,2,6,6,2
6/2,G101,Vivi嘻嘻隊,蘇蘇,2,2,2,2,4,4,1
6/2,G101,Vivi嘻嘻隊,土豆,0,0,3,2,3,2,1
6/2,G101,Vivi嘻嘻隊,小芬,1,1,0,0,1,1,0
6/2,G101,人生揪亮,泡泡,1,0,0,0,1,0,0
6/2,G101,人生揪亮,宗燁,2,0,2,0,4,0,1
6/2,G101,人生揪亮,冠宇,3,0,0,0,3,0,2
6/2,G101,人生揪亮,小偉,2,0,2,0,4,0,3
6/2,G101,人生揪亮,阿文,3,0,1,0,4,0,3
6/2,G101,人生揪亮,小魚,1,0,3,1,4,1,3
6/2,G101,人生揪亮,亮亮,0,0,2,1,2,1,1
6/2,G101,人生揪亮,柯柯,1,0,3,0,4,0,3
6/2,G101,人生揪亮,小野,2,0,2,0,4,0,3
6/2,G102,人生揪難,宜竫,2,2,0,0,2,2,1
6/2,G102,人生揪難,小姜,1,0,1,0,2,0,1
6/2,G102,人生揪難,羿珩,2,1,2,1,4,2,1
6/2,G102,人生揪難,ben,3,1,1,1,4,2,3
6/2,G102,人生揪難,蘇仔,2,2,4,3,6,5,3
6/2,G102,人生揪難,小蘇,2,2,4,3,6,5,3
6/2,G102,人生揪難,lucy,2,2,1,0,3,2,2
6/2,G102,人生揪難,婠婠,0,0,2,2,2,2,1
6/2,G102,人生揪難,紅閎,1,0,0,0,1,0,1
6/2,G102,傑克黑桃,肥肥,2,0,1,1,3,1,0
6/2,G102,傑克黑桃,阿凱,3,2,3,1,6,3,3
6/2,G102,傑克黑桃,小胖,1,1,2,0,3,1,2
6/2,G102,傑克黑桃,Stan,3,2,3,1,6,3,4
6/2,G102,傑克黑桃,阿B,1,0,0,0,1,0,0
6/2,G102,傑克黑桃,阿睿,2,0,2,1,4,1,2
6/2,G102,傑克黑桃,大毛,1,0,3,1,4,1,2
6/2,G102,傑克黑桃,阿發,2,0,1,0,3,0,1
6/9,G103,Tonight29大四喜,安安,1,0,2,1,3,1,2
6/9,G103,Tonight29大四喜,小雨,3,1,1,1,4,2,2
6/9,G103,Tonight29大四喜,小馬,2,2,1,1,3,3,3
6/9,G103,Tonight29大四喜,小楓,1,0,3,3,4,3,2
6/9,G103,Tonight29大四喜,Faker,3,1,2,2,5,3,2
6/9,G103,Tonight29大四喜,小豪,2,1,2,2,4,3,1
6/9,G103,Tonight29大四喜,柏暐,2,1,2,2,4,3,3
6/9,G103,Tonight29大四喜,強哥,1,0,2,2,3,2,2
6/9,G103,傑克紅心,Mo,3,2,1,0,4,2,2
6/9,G103,傑克紅心,老師,3,3,2,0,5,3,3
6/9,G103,傑克紅心,Terry,2,1,2,0,4,1,1
6/9,G103,傑克紅心,Kevin,1,1,2,0,3,1,2
6/9,G103,傑克紅心,小虎,1,0,3,1,4,1,0
6/9,G103,傑克紅心,小劉,2,0,2,0,4,0,1
6/9,G103,傑克紅心,阿福,3,2,3,0,6,2,4
6/9,G104,人生揪難,joy,1,0,1,1,2,1,1
6/9,G104,人生揪難,宜竫,2,0,0,0,2,0,2
6/9,G104,人生揪難,紅閎,1,1,0,0,1,1,0
6/9,G104,人生揪難,ben,2,1,0,0,2,1,2
6/9,G104,人生揪難,蘇仔,2,1,4,4,6,5,4
6/9,G104,人生揪難,小蘇,2,1,4,4,6,5,4
6/9,G104,人生揪難,羿珩,2,1,3,3,5,4,3
6/9,G104,人生揪難,婠婠,0,0,2,2,2,2,0
6/9,G104,人生揪難,小安,1,0,1,0,2,0,0
6/9,G104,人生揪難,lucy,1,0,0,0,1,0,1
6/9,G104,人生揪難,小姜,1,0,0,0,1,0,0
6/9,G104,Tonight29十三么,Keira,3,2,3,0,6,2,3
6/9,G104,Tonight29十三么,小齊,4,3,4,0,8,3,3
6/9,G104,Tonight29十三么,杰少,1,0,1,1,2,1,2
6/9,G104,Tonight29十三么,小飛,4,3,3,0,7,3,2
6/9,G104,Tonight29十三么,猴猴,3,2,4,0,7,2,3
6/9,G105,傑克黑桃,阿B,4,1,0,0,4,1,2
6/9,G105,傑克黑桃,小胖,2,1,4,1,6,2,3
6/9,G105,傑克黑桃,阿發,4,0,1,1,5,1,2
6/9,G105,傑克黑桃,Stan,3,2,4,1,7,3,3
6/9,G105,傑克黑桃,大毛,2,1,2,0,4,1,3
6/9,G105,傑克黑桃,小琪,0,0,4,0,4,0,2
6/9,G105,Tonight29大三元,萱萱,1,0,1,0,2,0,2
6/9,G105,Tonight29大三元,阿哲,1,0,2,2,3,2,1
6/9,G105,Tonight29大三元,+0,2,1,2,2,4,3,2
6/9,G105,Tonight29大三元,阿斌,3,2,3,2,6,4,3
6/9,G105,Tonight29大三元,嘉宸,2,2,4,4,6,6,4
6/9,G105,Tonight29大三元,學長,3,2,1,0,4,2,1
6/9,G105,Tonight29大三元,貓咪,1,1,2,2,3,3,1
6/9,G105,Tonight29大三元,薇薇,2,2,0,0,2,2,1
6/9,G106,逃生入口,Linda,3,1,1,1,4,2,3
6/9,G106,逃生入口,隼隼,4,2,3,1,7,3,3
6/9,G106,逃生入口,Ace,2,1,4,0,6,1,3
6/9,G106,逃生入口,華華,4,3,4,0,8,3,4
6/9,G106,逃生入口,Jesse,2,2,3,1,5,3,4
6/9,G106,Vivi哈哈隊,Lin,1,1,0,0,1,1,0
6/9,G106,Vivi哈哈隊,怪頭,2,2,1,1,3,3,2
6/9,G106,Vivi哈哈隊,石頭,1,1,0,0,1,1,1
6/9,G106,Vivi哈哈隊,david,2,1,4,3,6,4,2
6/9,G106,Vivi哈哈隊,馬克,2,0,4,4,6,4,3
6/9,G106,Vivi哈哈隊,美美,2,0,0,0,2,0,1
6/9,G106,Vivi哈哈隊,威廉,2,1,2,2,4,3,3
6/9,G106,Vivi哈哈隊,范姜姐,0,0,2,0,2,0,0
6/9,G106,Vivi哈哈隊,浩子,1,0,2,2,3,2,1
6/9,G106,Vivi哈哈隊,信宏,2,0,0,0,2,0,0
6/9,G107,Vivi嘻嘻隊,小芬,4,3,0,0,4,3,2
6/9,G107,Vivi嘻嘻隊,老丹,4,3,1,1,5,4,2
6/9,G107,Vivi嘻嘻隊,光頭,3,2,1,0,4,2,0
6/9,G107,Vivi嘻嘻隊,阿淦,1,0,4,2,5,2,2
6/9,G107,Vivi嘻嘻隊,阿倫,3,2,2,0,5,2,2
6/9,G107,Vivi嘻嘻隊,蘇蘇,0,0,4,3,4,3,2
6/9,G107,Vivi嘻嘻隊,土豆,0,0,3,3,3,3,1
6/9,G107,酒空組,Sandy,1,0,0,0,1,0,0
6/9,G107,酒空組,酒空小宇,1,0,3,1,4,1,2
6/9,G107,酒空組,羊羊,2,1,0,0,2,1,2
6/9,G107,酒空組,小豬,2,1,2,1,4,2,3
6/9,G107,酒空組,阿堯,1,1,2,1,3,2,1
6/9,G107,酒空組,小倫,1,1,3,1,4,2,1
6/9,G107,酒空組,阿仁,2,1,1,0,3,1,2
6/9,G107,酒空組,喵喵,1,0,2,1,3,1,2
6/9,G107,酒空組,山豬,1,0,1,1,2,1,2
6/9,G107,酒空組,小宓,2,0,0,0,2,0,2
6/9,G107,酒空組,慶文,1,0,1,0,2,0,2
6/9,G108,軟飯硬吃,藍鳥,1,1,2,2,3,3,1
6/9,G108,軟飯硬吃,Allen,4,4,2,1,6,5,1
6/9,G108,軟飯硬吃,大頭,4,3,1,1,5,4,3
6/9,G108,軟飯硬吃,阿嘎,2,2,3,2,5,4,3
6/9,G108,軟飯硬吃,樂源小宇,3,3,3,2,6,5,3
6/9,G108,軟飯硬吃,Louis,1,1,4,3,5,4,2
6/9,G108,人生揪亮,泡泡,3,0,0,0,3,0,2
6/9,G108,人生揪亮,宗燁,2,0,3,0,5,0,2
6/9,G108,人生揪亮,冠宇,4,1,0,0,4,1,3
6/9,G108,人生揪亮,小魚,3,0,4,1,7,1,4
6/9,G108,人生揪亮,亮亮,0,0,3,1,3,1,2
6/9,G108,人生揪亮,小野,2,0,3,1,5,1,2
6/9,G108,人生揪亮,克林,1,0,2,1,3,1,2
6/16,G109,Tonight29十三么,Keira,3,2,1,0,4,2,4
6/16,G109,Tonight29十三么,小齊,4,3,4,2,8,5,5
6/16,G109,Tonight29十三么,猴猴,4,3,4,3,8,6,6
6/16,G109,Tonight29十三么,小飛,4,2,4,3,8,5,5
6/16,G109,Tonight29十三么,秋瑩,0,0,2,1,2,1,2
6/16,G109,Tonight29大四喜,安安,1,1,1,1,2,2,0
6/16,G109,Tonight29大四喜,小豪,2,1,2,0,4,1,2
6/16,G109,Tonight29大四喜,強哥,2,0,1,1,3,1,0
6/16,G109,Tonight29大四喜,Faker,4,2,3,2,7,4,3
6/16,G109,Tonight29大四喜,小馬,2,1,2,0,4,1,2
6/16,G109,Tonight29大四喜,小雨,1,0,2,0,3,0,0
6/16,G109,Tonight29大四喜,光頭政,0,0,3,1,3,1,1
6/16,G109,Tonight29大四喜,小瑜,1,0,0,0,1,0,0
6/16,G109,Tonight29大四喜,29小黃鴨,2,0,1,1,3,1,0
6/16,G110,Tonight29大三元,貓咪,2,1,3,1,5,2,1
6/16,G110,Tonight29大三元,Ivan,1,0,2,0,3,0,2
6/16,G110,Tonight29大三元,+0,3,2,3,2,6,4,2
6/16,G110,Tonight29大三元,嘉宸,3,1,3,1,6,2,1
6/16,G110,Tonight29大三元,阿傑,3,1,2,0,5,1,0
6/16,G110,Tonight29大三元,阿哲,1,0,2,0,3,0,0
6/16,G110,Tonight29大三元,薇薇,2,2,0,0,2,2,0
6/16,G110,人生揪難,joy,1,1,3,2,4,3,3
6/16,G110,人生揪難,羿珩,2,1,2,2,4,3,2
6/16,G110,人生揪難,ben,3,2,0,0,3,2,2
6/16,G110,人生揪難,小蘇,3,2,3,2,6,4,5
6/16,G110,人生揪難,蘇仔,2,1,4,3,6,4,5
6/16,G110,人生揪難,lucy,1,0,1,0,2,0,2
6/16,G110,人生揪難,宜竫,1,0,1,1,2,1,2
6/16,G110,人生揪難,紅閎,2,1,0,0,2,1,2
6/16,G110,人生揪難,小姜,0,0,1,1,1,1,1
6/16,G111,Vivi哈哈隊,范姜姐,1,0,1,0,2,0,1
6/16,G111,Vivi哈哈隊,怪頭,1,1,1,1,2,2,1
6/16,G111,Vivi哈哈隊,信宏,3,1,0,0,3,1,1
6/16,G111,Vivi哈哈隊,david,2,2,4,4,6,6,2
6/16,G111,Vivi哈哈隊,Jason,1,0,2,2,3,2,1
6/16,G111,Vivi哈哈隊,小耿,2,0,1,1,3,1,2
6/16,G111,Vivi哈哈隊,威廉,3,0,0,0,3,0,1
6/16,G111,Vivi哈哈隊,石頭,0,0,1,0,1,0,0
6/16,G111,Vivi哈哈隊,馬克,1,0,4,4,5,4,3
6/16,G111,Vivi哈哈隊,超哥,1,1,1,1,2,2,0
6/16,G111,傑克黑桃,Tina,1,1,0,0,1,1,0
6/16,G111,傑克黑桃,阿俊,3,2,2,0,5,2,3
6/16,G111,傑克黑桃,阿發,3,2,0,0,3,2,2
6/16,G111,傑克黑桃,Stan,4,2,4,0,8,2,5
6/16,G111,傑克黑桃,阿凱,1,1,2,0,3,1,2
6/16,G111,傑克黑桃,阿B,1,1,0,0,1,1,1
6/16,G111,傑克黑桃,小琪,0,0,1,1,1,1,1
6/16,G111,傑克黑桃,大毛,0,0,4,1,4,1,2
6/16,G111,傑克黑桃,阿睿,2,1,2,0,4,1,2
6/16,G112,傑克紅心,Mo,1,0,3,1,4,1,2
6/16,G112,傑克紅心,Terry,4,2,1,0,5,2,1
6/16,G112,傑克紅心,Kevin,2,0,2,1,4,1,0
6/16,G112,傑克紅心,阿福,4,1,1,0,5,1,2
6/16,G112,傑克紅心,小劉,2,1,2,2,4,3,1
6/16,G112,傑克紅心,阿翰,0,0,4,1,4,1,2
6/16,G112,傑克紅心,小虎,2,1,2,1,4,2,1
6/16,G112,Vivi嘻嘻隊,小芬,4,3,0,0,4,3,2
6/16,G112,Vivi嘻嘻隊,阿倫,4,2,2,2,6,4,4
6/16,G112,Vivi嘻嘻隊,光頭,3,2,2,1,5,3,4
6/16,G112,Vivi嘻嘻隊,阿淦,1,1,4,3,5,4,4
6/16,G112,Vivi嘻嘻隊,老丹,3,2,3,1,6,3,4
6/16,G112,Vivi嘻嘻隊,蘇蘇,0,0,4,2,4,2,3
6/16,G113,人生揪亮,亮亮,1,0,3,1,4,1,1
6/16,G113,人生揪亮,宗燁,2,2,2,1,4,3,2
6/16,G113,人生揪亮,阿朋,4,0,1,0,5,0,2
6/16,G113,人生揪亮,阿肥,4,2,3,2,7,4,2
6/16,G113,人生揪亮,歪歪,2,0,2,1,4,1,0
6/16,G113,人生揪亮,小魚,2,0,4,1,6,1,2
6/16,G113,逃生入口,Linda,1,1,1,1,2,2,1
6/16,G113,逃生入口,Jesse,2,0,2,1,4,1,2
6/16,G113,逃生入口,乳來,4,4,3,2,7,6,5
6/16,G113,逃生入口,華華,4,3,2,2,6,5,4
6/16,G113,逃生入口,承翰,1,1,2,1,3,2,3
6/16,G113,逃生入口,隼隼,2,1,1,0,3,1,1
6/16,G113,逃生入口,小建,1,1,1,0,2,1,2
6/16,G113,逃生入口,Ace,0,0,3,2,3,2,3
6/16,G114,酒空組,小宓,3,1,0,0,3,1,1
6/16,G114,酒空組,阿堯,3,2,1,0,4,2,1
6/16,G114,酒空組,酒空小宇,1,0,3,1,4,1,3
6/16,G114,酒空組,瘦子,4,2,3,2,7,4,4
6/16,G114,酒空組,小倫,1,0,3,2,4,2,2
6/16,G114,酒空組,阿輔,2,1,2,2,4,3,1
6/16,G114,酒空組,阿仁,1,1,3,2,4,3,4
6/16,G114,軟飯硬吃,藍鳥,1,1,1,0,2,1,0
6/16,G114,軟飯硬吃,小小宇,1,0,3,2,4,2,1
6/16,G114,軟飯硬吃,瓜瓜,3,2,1,1,4,3,2
6/16,G114,軟飯硬吃,阿嘎,2,1,3,0,5,1,3
6/16,G114,軟飯硬吃,大頭,3,2,0,0,3,2,3
6/16,G114,軟飯硬吃,樂源小宇,3,2,1,0,4,2,3
6/16,G114,軟飯硬吃,品言,1,0,3,1,4,1,1
6/16,G114,軟飯硬吃,Tako,1,0,3,2,4,2,1
6/23,G115,Tonight29十三么,Keira,3,1,1,0,4,1,1
6/23,G115,Tonight29十三么,小齊,4,1,4,2,8,3,3
6/23,G115,Tonight29十三么,猴猴,4,2,4,3,8,5,2
6/23,G115,Tonight29十三么,小飛,4,0,4,3,8,3,2
6/23,G115,Tonight29十三么,秋瑩,0,0,2,1,2,1,0
6/23,G115,Vivi嘻嘻隊,小芬,2,0,2,1,4,1,3
6/23,G115,Vivi嘻嘻隊,老丹,4,3,2,1,6,4,3
6/23,G115,Vivi嘻嘻隊,阿倫,2,1,4,2,6,3,5
6/23,G115,Vivi嘻嘻隊,阿淦,3,3,3,1,6,4,6
6/23,G115,Vivi嘻嘻隊,Eddie,3,3,0,0,3,3,2
6/23,G115,Vivi嘻嘻隊,光頭,1,1,4,1,5,2,3
6/23,G116,Vivi哈哈隊,Lin,1,1,0,0,1,1,1
6/23,G116,Vivi哈哈隊,怪頭,1,1,1,0,2,1,1
6/23,G116,Vivi哈哈隊,信宏,3,2,0,0,3,2,3
6/23,G116,Vivi哈哈隊,david,3,1,4,3,7,4,5
6/23,G116,Vivi哈哈隊,馬克,3,0,4,3,7,3,4
6/23,G116,Vivi哈哈隊,威廉,2,0,1,0,3,0,2
6/23,G116,Vivi哈哈隊,范姜姐,0,0,1,1,1,1,1
6/23,G116,Vivi哈哈隊,石頭,0,0,1,0,1,0,0
6/23,G116,Vivi哈哈隊,浩子,0,0,2,2,2,2,0
6/23,G116,Vivi哈哈隊,超哥,2,1,1,1,3,2,3
6/23,G116,Tonight29大三元,貓咪,1,0,3,1,4,1,1
6/23,G116,Tonight29大三元,Ivan,2,0,2,1,4,1,1
6/23,G116,Tonight29大三元,+0,3,1,2,1,5,2,2
6/23,G116,Tonight29大三元,嘉宸,4,3,3,1,7,4,3
6/23,G116,Tonight29大三元,小杰,2,2,1,0,3,2,1
6/23,G116,Tonight29大三元,阿哲,1,1,4,1,5,2,2
6/23,G116,Tonight29大三元,薇薇,2,2,0,0,2,2,0
6/23,G117,人生揪難,lucy,2,1,0,0,2,1,1
6/23,G117,人生揪難,羿珩,2,2,2,1,4,3,2
6/23,G117,人生揪難,婠婠,3,2,0,0,3,2,3
6/23,G117,人生揪難,ben,2,1,1,1,3,2,1
6/23,G117,人生揪難,蘇仔,2,2,4,4,6,6,3
6/23,G117,人生揪難,小蘇,2,2,4,4,6,6,3
6/23,G117,人生揪難,joy,0,0,3,1,3,1,2
6/23,G117,人生揪難,紅閎,2,2,0,0,2,2,1
6/23,G117,人生揪難,小姜,0,0,1,1,1,1,1
6/23,G117,Tonight29大四喜,安安,1,1,1,1,2,2,1
6/23,G117,Tonight29大四喜,光頭政,1,0,3,1,4,1,3
6/23,G117,Tonight29大四喜,小豪,3,1,4,0,7,1,3
6/23,G117,Tonight29大四喜,Faker,4,1,3,0,7,1,3
6/23,G117,Tonight29大四喜,柏暐,3,0,1,0,4,0,2
6/23,G117,Tonight29大四喜,強哥,2,0,3,1,5,1,1
6/23,G117,Tonight29大四喜,小瑜,1,0,0,0,1,0,0
6/23,G118,傑克黑桃,阿B,1,1,0,0,1,1,0
6/23,G118,傑克黑桃,阿俊,4,1,0,0,4,1,2
6/23,G118,傑克黑桃,阿發,2,0,1,0,3,0,3
6/23,G118,傑克黑桃,阿凱,2,0,3,2,5,2,3
6/23,G118,傑克黑桃,小胖,2,1,3,0,5,1,3
6/23,G118,傑克黑桃,阿睿,2,1,4,1,6,2,4
6/23,G118,傑克黑桃,Stan,2,1,4,1,6,2,5
6/23,G118,人生揪亮,亮亮,2,0,3,3,5,3,3
6/23,G118,人生揪亮,小魚,4,3,2,2,6,5,2
6/23,G118,人生揪亮,宗燁,2,2,3,1,5,3,2
6/23,G118,人生揪亮,小偉,2,2,2,1,4,3,1
6/23,G118,人生揪亮,歪歪,1,1,3,2,4,3,2
6/23,G118,人生揪亮,小野,2,1,2,2,4,3,0
6/23,G118,人生揪亮,泡泡,2,1,0,0,2,1,0
6/23,G119,軟飯硬吃,藍鳥,1,0,1,0,2,0,0
6/23,G119,軟飯硬吃,小小宇,3,3,1,1,4,4,3
6/23,G119,軟飯硬吃,樂源小宇,4,3,1,1,5,4,5
6/23,G119,軟飯硬吃,阿嘎,2,2,2,2,4,4,3
6/23,G119,軟飯硬吃,Allen,2,2,3,3,5,5,5
6/23,G119,軟飯硬吃,大頭,1,1,2,1,3,2,2
6/23,G119,軟飯硬吃,Tako,0,0,3,3,3,3,2
6/23,G119,軟飯硬吃,Louis,2,2,2,2,4,4,3
6/23,G119,傑克紅心,Mo,3,1,1,1,4,2,3
6/23,G119,傑克紅心,老師,3,0,2,0,5,0,0
6/23,G119,傑克紅心,阿福,4,1,1,0,5,1,0
6/23,G119,傑克紅心,Kevin,1,0,3,0,4,0,2
6/23,G119,傑克紅心,祐祐,3,0,1,1,4,1,1
6/23,G119,傑克紅心,阿翰,1,0,3,0,4,0,0
6/23,G119,傑克紅心,小劉,0,0,4,0,4,0,1
6/23,G120,逃生入口,Linda,2,1,1,0,3,1,1
6/23,G120,逃生入口,小孟,4,3,0,0,4,3,2
6/23,G120,逃生入口,阿誠,1,0,3,2,4,2,4
6/23,G120,逃生入口,Jesse,3,2,1,0,4,2,2
6/23,G120,逃生入口,小東,2,0,1,0,3,0,1
6/23,G120,逃生入口,承翰,1,0,3,1,4,1,3
6/23,G120,逃生入口,乳來,1,1,3,2,4,3,3
6/23,G120,逃生入口,Ace,1,1,3,1,4,2,3
6/23,G120,酒空組,羊羊,1,1,1,1,2,2,1
6/23,G120,酒空組,酒空小宇,3,1,0,0,3,1,2
6/23,G120,酒空組,慶文,1,1,1,0,2,1,0
6/23,G120,酒空組,小宓,2,0,0,0,2,0,0
6/23,G120,酒空組,小豬,2,1,3,2,5,3,3
6/23,G120,酒空組,小倫,3,1,3,2,6,3,2
6/23,G120,酒空組,Sandy,0,0,1,1,1,1,1
6/23,G120,酒空組,山豬,0,0,2,2,2,2,1
6/23,G120,酒空組,阿堯,1,1,2,0,3,1,0
6/23,G120,酒空組,阿仁,0,0,2,1,2,1,0
6/23,G120,酒空組,小惠,1,1,0,0,1,1,0
6/23,G120,酒空組,喵喵,1,0,0,0,1,0,1
2026/6/30,G121,Tonight29大四喜,小瑜,3,1,0,0,3,1,0
2026/6/30,G121,Tonight29大四喜,光頭政,2,0,3,1,5,1,1
2026/6/30,G121,Tonight29大四喜,強哥,2,1,3,2,5,3,1
2026/6/30,G121,Tonight29大四喜,小豪,4,1,3,1,7,2,3
2026/6/30,G121,Tonight29大四喜,柏暐,3,0,2,0,5,0,3
2026/6/30,G121,Tonight29大四喜,小楓,1,0,4,1,5,1,1
2026/6/30,G121,Vivi嘻嘻隊,小芬,3,2,1,1,4,3,2
2026/6/30,G121,Vivi嘻嘻隊,阿倫,3,3,4,3,7,6,4
2026/6/30,G121,Vivi嘻嘻隊,光頭,2,1,3,1,5,2,5
2026/6/30,G121,Vivi嘻嘻隊,阿淦,4,3,3,3,7,6,4
2026/6/30,G121,Vivi嘻嘻隊,Eddie,3,3,0,0,3,3,3
2026/6/30,G121,Vivi嘻嘻隊,蘇蘇,0,0,4,2,4,2,3
2026/6/30,G122,Tonight29十三么,Keira,3,2,3,1,6,3,4
2026/6/30,G122,Tonight29十三么,小齊,4,3,4,3,8,6,3
2026/6/30,G122,Tonight29十三么,猴猴,4,4,4,3,8,7,3
2026/6/30,G122,Tonight29十三么,小飛,4,3,4,3,8,6,4
2026/6/30,G122,軟飯硬吃,大瀚,1,1,1,1,2,2,0
2026/6/30,G122,軟飯硬吃,小小宇,2,1,3,0,5,1,2
2026/6/30,G122,軟飯硬吃,樂源小宇,3,0,3,1,6,1,2
2026/6/30,G122,軟飯硬吃,阿嘎,3,1,2,1,5,2,3
2026/6/30,G122,軟飯硬吃,Allen,2,0,4,1,6,1,3
2026/6/30,G122,軟飯硬吃,小象,2,0,1,0,3,0,3
2026/6/30,G122,軟飯硬吃,大頭,2,0,1,1,3,1,3
2026/6/30,G123,人生揪亮,亮亮,3,1,2,1,5,2,5
2026/6/30,G123,人生揪亮,宗燁,2,0,3,1,5,1,3
2026/6/30,G123,人生揪亮,阿肥,4,3,3,2,7,5,4
2026/6/30,G123,人生揪亮,小魚,3,1,3,2,6,3,4
2026/6/30,G123,人生揪亮,阿朋,2,1,2,1,4,2,3
2026/6/30,G123,人生揪亮,克林,1,1,2,1,3,2,2
2026/6/30,G123,Tonight29大三元,萱萱,1,1,2,1,3,2,1
2026/6/30,G123,Tonight29大三元,嘉宸,3,2,4,2,7,4,3
2026/6/30,G123,Tonight29大三元,+0,4,2,2,2,6,4,0
2026/6/30,G123,Tonight29大三元,阿斌,4,3,4,2,8,5,3
2026/6/30,G123,Tonight29大三元,薇薇,2,0,1,0,3,0,1
2026/6/30,G123,Tonight29大三元,貓咪,1,0,2,0,3,0,1
2026/6/30,G124,Vivi哈哈隊,范姜姐,1,1,0,0,1,1,0
2026/6/30,G124,Vivi哈哈隊,怪頭,3,2,1,0,4,2,2
2026/6/30,G124,Vivi哈哈隊,馬克,4,2,2,1,6,3,1
2026/6/30,G124,Vivi哈哈隊,信宏,3,0,1,1,4,1,0
2026/6/30,G124,Vivi哈哈隊,小耿,1,0,4,3,5,3,0
2026/6/30,G124,Vivi哈哈隊,david,1,0,4,2,5,2,0
2026/6/30,G124,Vivi哈哈隊,Jason,1,1,2,1,3,2,1
2026/6/30,G124,Vivi哈哈隊,浩子,1,1,1,1,2,2,1
2026/6/30,G124,人生揪難,joy,1,0,1,0,2,0,2
2026/6/30,G124,人生揪難,羿珩,3,2,2,1,5,3,4
2026/6/30,G124,人生揪難,宜竫,2,0,0,0,2,0,1
2026/6/30,G124,人生揪難,ben,2,1,0,0,2,1,1
2026/6/30,G124,人生揪難,蘇仔,2,2,4,2,6,4,6
2026/6/30,G124,人生揪難,小蘇,2,2,4,2,6,4,6
2026/6/30,G124,人生揪難,lucy,1,0,1,0,2,0,1
2026/6/30,G124,人生揪難,小安,0,0,2,1,2,1,2
2026/6/30,G124,人生揪難,紅閎,1,0,0,0,1,0,0
2026/6/30,G124,人生揪難,婠婠,1,1,0,0,1,1,1
2026/6/30,G124,人生揪難,小姜,0,0,1,0,1,0,1
2026/6/30,G125,傑克黑桃,肥肥,2,1,0,0,2,1,1
2026/6/30,G125,傑克黑桃,Tina,2,1,1,1,3,2,1
2026/6/30,G125,傑克黑桃,阿發,4,1,0,0,4,1,2
2026/6/30,G125,傑克黑桃,Stan,4,0,4,1,8,1,2
2026/6/30,G125,傑克黑桃,阿B,1,0,0,0,1,0,1
2026/6/30,G125,傑克黑桃,小琪,0,0,3,1,3,1,0
2026/6/30,G125,傑克黑桃,阿俊,0,0,2,2,2,2,1
2026/6/30,G125,傑克黑桃,大毛,0,0,3,0,3,0,0
2026/6/30,G125,傑克黑桃,小胖,2,1,2,0,4,1,1
2026/6/30,G125,酒空組,Sandy,1,0,1,0,2,0,2
2026/6/30,G125,酒空組,虎哥,3,1,1,1,4,2,3
2026/6/30,G125,酒空組,慶文,1,1,0,0,1,1,1
2026/6/30,G125,酒空組,瘦子,2,2,3,2,5,4,5
2026/6/30,G125,酒空組,小倫,2,2,2,2,4,4,2
2026/6/30,G125,酒空組,阿堯,1,1,1,0,2,1,1
2026/6/30,G125,酒空組,酒空小宇,1,1,1,1,2,2,1
2026/6/30,G125,酒空組,羊羊,1,0,1,1,2,1,2
2026/6/30,G125,酒空組,阿仁,1,1,1,0,2,1,0
2026/6/30,G125,酒空組,山豬,1,1,1,0,2,1,0
2026/6/30,G125,酒空組,阿輔,0,0,3,3,3,3,3
2026/6/30,G125,酒空組,小宓,1,1,0,0,1,1,1
2026/6/30,G126,逃生入口,Linda,3,1,1,0,4,1,2
2026/6/30,G126,逃生入口,乳來,4,2,4,3,8,5,7
2026/6/30,G126,逃生入口,Ace,1,0,3,3,4,3,2
2026/6/30,G126,逃生入口,華華,4,1,4,4,8,5,6
2026/6/30,G126,逃生入口,小建,3,1,3,2,6,3,3
2026/6/30,G126,傑克紅心,念念,1,1,1,0,2,1,2
2026/6/30,G126,傑克紅心,阿福,3,1,1,0,4,1,1
2026/6/30,G126,傑克紅心,Terry,4,3,0,0,4,3,0
2026/6/30,G126,傑克紅心,Kevin,3,2,1,0,4,2,1
2026/6/30,G126,傑克紅心,Mo,0,0,4,1,4,1,2
2026/6/30,G126,傑克紅心,小虎,2,1,2,0,4,1,1
2026/6/30,G126,傑克紅心,小劉,1,1,3,1,4,2,2
2026/6/30,G126,傑克紅心,阿翰,1,1,3,1,4,2,1
2026/7/7,G127,傑克黑桃,文姊,1,0,0,0,1,0,0
2026/7/7,G127,傑克黑桃,大毛,1,0,1,0,2,0,0
2026/7/7,G127,傑克黑桃,肥肥,1,0,0,0,1,0,0
2026/7/7,G127,傑克黑桃,阿凱,3,2,1,1,4,3,4
2026/7/7,G127,傑克黑桃,Stan,3,2,3,2,6,4,4
2026/7/7,G127,傑克黑桃,阿B,1,0,0,0,1,0,1
2026/7/7,G127,傑克黑桃,小琪,0,0,1,0,1,0,0
2026/7/7,G127,傑克黑桃,小胖,1,1,4,1,5,2,2
2026/7/7,G127,傑克黑桃,阿俊,1,0,3,1,4,1,2
2026/7/7,G127,傑克黑桃,宇辰,1,0,0,0,1,0,0
2026/7/7,G127,傑克黑桃,阿睿,1,1,1,1,2,2,1
2026/7/7,G127,傑克黑桃,阿發,1,1,1,0,2,1,1
2026/7/7,G127,傑克紅心,Mo,4,2,0,0,4,2,2
2026/7/7,G127,傑克紅心,老師,3,2,2,2,5,4,2
2026/7/7,G127,傑克紅心,小虎,2,2,1,0,3,2,1
2026/7/7,G127,傑克紅心,Kevin,2,0,1,0,3,0,2
2026/7/7,G127,傑克紅心,念念,2,1,1,1,3,2,3
2026/7/7,G127,傑克紅心,小劉,0,0,4,2,4,2,1
2026/7/7,G127,傑克紅心,阿翰,0,0,3,2,3,2,1
2026/7/7,G127,傑克紅心,阿福,2,1,3,2,5,3,3
2026/7/7,G128,Tonight29大三元,貓咪,2,1,2,0,4,1,1
2026/7/7,G128,Tonight29大三元,小承,1,0,1,0,2,0,0
2026/7/7,G128,Tonight29大三元,+0,4,1,2,0,6,1,2
2026/7/7,G128,Tonight29大三元,阿斌,3,1,3,2,6,3,3
2026/7/7,G128,Tonight29大三元,嘉宸,2,1,1,0,3,1,1
2026/7/7,G128,Tonight29大三元,萱萱,1,0,2,1,3,1,2
2026/7/7,G128,Tonight29大三元,Ivan,0,0,4,1,4,1,0
2026/7/7,G128,Tonight29大三元,薇薇,2,1,0,0,2,1,2
2026/7/7,G128,酒空組,羊羊,1,0,0,0,1,0,1
2026/7/7,G128,酒空組,瘦子,3,3,3,3,6,6,5
2026/7/7,G128,酒空組,阿堯,2,1,0,0,2,1,1
2026/7/7,G128,酒空組,小豬,1,0,3,1,4,1,2
2026/7/7,G128,酒空組,小倫,2,2,1,1,3,3,2
2026/7/7,G128,酒空組,酒空小宇,1,1,1,1,2,2,2
2026/7/7,G128,酒空組,喵喵,1,0,1,1,2,1,1
2026/7/7,G128,酒空組,阿仁,0,0,2,2,2,2,2
2026/7/7,G128,酒空組,山豬,0,0,1,0,1,0,1
2026/7/7,G128,酒空組,阿輔,2,1,2,2,4,3,2
2026/7/7,G128,酒空組,小宓,1,1,0,0,1,1,0
2026/7/7,G128,酒空組,Sandy,0,0,1,0,1,0,0
2026/7/7,G128,酒空組,慶文,1,1,0,0,1,1,0
2026/7/7,G129,軟飯硬吃,瓜瓜,2,1,3,2,5,3,3
2026/7/7,G129,軟飯硬吃,小小宇,2,1,3,2,5,3,3
2026/7/7,G129,軟飯硬吃,Tako,2,2,3,2,5,4,1
2026/7/7,G129,軟飯硬吃,阿嘎,3,3,2,2,5,5,4
2026/7/7,G129,軟飯硬吃,大頭,3,3,2,2,5,5,3
2026/7/7,G129,軟飯硬吃,樂源小宇,3,3,2,2,5,5,3
2026/7/7,G129,Tonight29大四喜,安安,1,1,1,0,2,1,2
2026/7/7,G129,Tonight29大四喜,29小黃鴨,4,1,1,0,5,1,2
2026/7/7,G129,Tonight29大四喜,強哥,2,0,3,1,5,1,2
2026/7/7,G129,Tonight29大四喜,Faker,2,0,4,0,6,0,3
2026/7/7,G129,Tonight29大四喜,小豪,3,0,1,0,4,0,0
2026/7/7,G129,Tonight29大四喜,柏暐,1,0,4,1,5,1,3
2026/7/7,G129,Tonight29大四喜,小瑜,1,0,0,0,1,0,1
2026/7/7,G129,Tonight29大四喜,小楓,1,0,1,1,2,1,0
2026/7/7,G130,逃生入口,Linda,2,0,2,1,4,1,1
2026/7/7,G130,逃生入口,Jesse,3,2,0,0,3,2,0
2026/7/7,G130,逃生入口,乳來,4,2,2,2,6,4,2
2026/7/7,G130,逃生入口,華華,4,1,2,1,6,2,0
2026/7/7,G130,逃生入口,承翰,0,0,4,1,4,1,1
2026/7/7,G130,逃生入口,Ace,1,1,2,2,3,3,2
2026/7/7,G130,逃生入口,小建,1,0,3,0,4,0,0
2026/7/7,G130,Tonight29十三么,Keira,3,2,3,2,6,4,4
2026/7/7,G130,Tonight29十三么,小齊,4,2,3,2,7,4,6
2026/7/7,G130,Tonight29十三么,猴猴,3,2,4,1,7,3,6
2026/7/7,G130,Tonight29十三么,小飛,4,2,3,2,7,4,5
2026/7/7,G130,Tonight29十三么,朋朋,1,1,2,1,3,2,3
2026/7/7,G131,人生揪難,joy,1,0,3,1,4,1,4
2026/7/7,G131,人生揪難,羿珩,2,1,1,0,3,1,2
2026/7/7,G131,人生揪難,宜竫,3,1,0,0,3,1,3
2026/7/7,G131,人生揪難,ben,3,1,0,0,3,1,2
2026/7/7,G131,人生揪難,蘇仔,1,1,4,2,5,3,4
2026/7/7,G131,人生揪難,小蘇,2,1,3,2,5,3,4
2026/7/7,G131,人生揪難,紅閎,2,1,0,0,2,1,2
2026/7/7,G131,人生揪難,lucy,1,0,1,1,2,1,1
2026/7/7,G131,人生揪難,婠婠,0,0,2,2,2,2,2
2026/7/7,G131,人生揪難,小姜,0,0,1,0,1,0,1
2026/7/7,G131,Vivi嘻嘻隊,小芬,4,3,0,0,4,3,0
2026/7/7,G131,Vivi嘻嘻隊,阿國,2,1,4,2,6,3,1
2026/7/7,G131,Vivi嘻嘻隊,蘇蘇,2,1,2,1,4,2,1
2026/7/7,G131,Vivi嘻嘻隊,阿倫,3,1,4,2,7,3,2
2026/7/7,G131,Vivi嘻嘻隊,老丹,3,2,3,1,6,3,1
2026/7/7,G131,Vivi嘻嘻隊,土豆,1,1,2,1,3,2,0
2026/7/7,G132,Vivi哈哈隊,范姜姐,2,2,0,0,2,2,0
2026/7/7,G132,Vivi哈哈隊,怪頭,3,0,0,0,3,0,2
2026/7/7,G132,Vivi哈哈隊,馬克,2,2,3,3,5,5,3
2026/7/7,G132,Vivi哈哈隊,david,2,1,3,3,5,4,2
2026/7/7,G132,Vivi哈哈隊,威廉,1,0,2,2,3,2,2
2026/7/7,G132,Vivi哈哈隊,小耿,2,1,3,3,5,4,2
2026/7/7,G132,Vivi哈哈隊,Lin,0,0,2,1,2,1,1
2026/7/7,G132,Vivi哈哈隊,超哥,1,0,1,1,2,1,2
2026/7/7,G132,Vivi哈哈隊,浩子,1,1,1,0,2,1,1
2026/7/7,G132,Vivi哈哈隊,石頭,1,1,0,0,1,1,0
2026/7/7,G132,人生揪亮,泡泡,2,0,0,0,2,0,2
2026/7/7,G132,人生揪亮,宗燁,2,1,2,1,4,2,1
2026/7/7,G132,人生揪亮,柯柯,3,2,1,0,4,2,1
2026/7/7,G132,人生揪亮,阿肥,2,1,3,1,5,2,2
2026/7/7,G132,人生揪亮,小野,2,1,2,0,4,1,3
2026/7/7,G132,人生揪亮,百富,1,1,1,0,2,1,2
2026/7/7,G132,人生揪亮,亮亮,0,0,3,0,3,0,2
2026/7/7,G132,人生揪亮,小魚,2,1,2,0,4,1,1
2026/7/7,G132,人生揪亮,克林,1,0,1,0,2,0,1
